Year,TEAM,GP,W,L,MIN,OffRtg,DefRtg,NetRtg,AST_PCT,AST_PER_TO,AST,OREB_PCT,DREB_PCT,REB_PCT,TOV_PCT,eFG_PCT,TS_PCT,PACE,PIE,POSS
2003,Atlanta Hawks,82,35,47,3981,100.4,104.2,-3.8,58.7,1.23,16,30,68.1,49.9,17.8,47.6,52.7,92.63,48.3,"7,683" 
2003,Boston Celtics,82,44,38,3966,100,100.5,-0.6,58.3,1.37,15.5,26.6,69.1,47.4,15.1,47,51.4,91.95,48,"7,602"
2003,Chicago Bulls,82,30,52,3985,99.1,104.2,-5.1,59.6,1.28,16.5,30.7,67.2,49.2,17.7,47.1,51.2,94.76,45.7,"7,857"
2003,Cleveland Cavaliers,82,17,65,3966,95.2,105.1,-9.9,60.1,1.14,15.7,33.8,69.7,51.3,19.1,44.4,49.1,95.32,43.1,"7,870"
2003,Dallas Mavericks,82,60,22,3956,109.3,101,8.3,58.1,1.94,17.3,27.7,67.7,47.8,12.3,49.8,54.3,93.75,54.6,"7,726"
2003,Denver Nuggets,82,17,65,3946,91.2,100.1,-8.9,64.6,1.15,16.3,34.5,69.7,51.1,20,42.8,46.9,92.11,42.5,"7,568"
2003,Detroit Pistons,82,50,32,3981,102.4,98.2,4.2,60,1.47,16.2,29.4,70.7,49.9,15.1,47.3,52.3,88.26,52.5,"7,318"
2003,Golden State Warriors,82,38,44,3951,106.4,107.7,-1.3,55.9,1.32,15.4,37.1,66.3,51.8,16.4,47.2,52.6,95.88,49.2,"7,897"
2003,Houston Rockets,82,43,39,3986,102.4,100.9,1.5,53,1.18,14.7,33.1,69.8,51.8,17,47.4,52.2,90.36,51.1,"7,508"
2003,Indiana Pacers,82,48,34,3981,103.2,99.6,3.5,65.6,1.58,17.7,31.8,69.4,50.9,15.7,46.9,52.2,92.71,53.8,"7,696"
2003,Los Angeles Clippers,82,27,55,3951,101.1,105.1,-4,56.6,1.24,15.4,31.6,67.3,49.6,17,46.7,51.6,92.68,47,"7,613"
2003,Los Angeles Lakers,82,50,32,3986,105.6,103.4,2.2,61.8,1.6,17.4,32.8,69.3,50.9,15.3,48.6,52.8,93.78,52,"7,797"
2003,Memphis Grizzlies,82,28,54,3986,102.3,105.9,-3.5,62.1,1.5,17.5,30.1,65.9,48.2,16.2,48.7,52.6,94.03,48.2,"7,813"
2003,Miami Heat,82,25,57,3966,95.4,101.2,-5.8,55.8,1.29,15,30.6,70.9,50.1,15.9,43.9,48.3,88.93,45.6,"7,353"
2003,Milwaukee Bucks,82,42,40,3981,107.2,106.9,0.3,59.9,1.75,17.4,28.7,66.6,47.7,13.7,50,54.3,91.76,49.5,"7,607"
2003,Minnesota Timberwolves,82,51,31,3961,104.8,102.5,2.2,65.3,1.84,19,31,69.5,50.8,14.6,48.8,52.8,93.08,52.9,"7,681"
2003,New Jersey Nets,82,49,33,3951,102.1,96.6,5.4,64.9,1.56,17.6,31.7,70.2,51,15.8,46.8,51.8,93,54.4,"7,661"
2003,New Orleans Hornets,82,47,35,3981,102.4,100,2.4,62,1.49,17,34.5,69.7,51.8,16.1,46.5,51.1,90.72,51.7,"7,522"
2003,New York Knicks,82,37,45,3971,103.3,104.6,-1.3,60.7,1.57,17.2,28,68.9,48,15.1,48.6,52.8,92.06,47.4,"7,611"
2003,Orlando Magic,82,42,40,3961,103.7,103.7,0,56.9,1.42,15.8,30,68,48.5,15.1,47.8,52.6,94.33,48.2,"7,788"
2003,Philadelphia 76ers,82,48,34,3971,103.2,100.6,2.6,59.5,1.46,16.5,32.4,70.4,50.9,15.8,46.6,52,93.07,51.6,"7,694"
2003,Phoenix Suns,82,44,38,3961,102.6,101.3,1.3,57.2,1.42,16.2,32.3,67.2,49.6,15.8,47.3,51.4,92.59,49.8,"7,637"
2003,Portland Trail Blazers,82,50,32,3970,104.2,101.5,2.7,62.3,1.49,17.7,33.8,68.9,51.5,16.7,48.9,53.1,90.44,51.5,"7,486"
2003,Sacramento Kings,82,59,23,3966,104.4,97.8,6.6,62.7,1.71,18.3,28.9,67.8,49.3,14.9,49.9,53.5,96.63,55.1,"7,987"
2003,San Antonio Spurs,82,60,22,3966,103.9,98.1,5.8,56.3,1.26,15.9,31.1,68.7,50.8,17.1,49.7,54.1,91.46,54.9,"7,558"
2003,Seattle SuperSonics,82,40,42,3971,102.4,102.6,-0.2,61.5,1.64,17.2,31.4,68.8,49.7,14.7,47.2,51.2,89.17,50.2,"7,379"
2003,Toronto Raptors,82,24,58,3961,99.3,105.6,-6.3,55.6,1.34,15.3,31.8,67.8,49.1,15.7,45.8,49.7,91.01,44.7,"7,507"
2003,Utah Jazz,82,47,35,3956,103.7,101.1,2.6,72.7,1.53,19.5,35.3,67.3,51.9,18.4,48.6,53.7,90.78,55.1,"7,483"
2003,Washington Wizards,82,37,45,3966,101.5,102.6,-1.1,57.2,1.47,15.9,30.5,68.6,49.6,14.8,46,51.3,89.46,49.8,"7,390"
2004,Atlanta Hawks,82,28,54,3981,99.1,103.9,-4.8,58.3,1.22,15.7,30.8,68.6,50,17.6,46.5,51.4,92.68,46.6,"7,680"
2004,Boston Celtics,82,36,46,3941,100.7,102.2,-1.5,59.2,1.26,16.1,27.9,65.8,47.3,17.2,48.6,53.2,94.47,49,"7,757"
2004,Chicago Bulls,82,23,59,3966,95.6,102.1,-6.5,64.1,1.36,16.7,31.1,67.9,49.1,17.2,44.6,48.6,93.23,44.6,"7,694"
2004,Cleveland Cavaliers,82,35,47,3971,100.6,103.1,-2.6,61.9,1.49,16.9,34,68.8,51.4,16,45.1,49.8,91.71,49.1,"7,577"
2004,Dallas Mavericks,82,52,30,3961,110.4,105.9,4.5,59.1,1.96,17.7,33.5,68.6,50.7,12.8,49.5,53.6,94.62,52.7,"7,814"
2004,Denver Nuggets,82,43,39,3946,102.4,101.4,1,59.9,1.4,16.5,33.7,66.4,49.8,16.4,46.7,51.7,94.64,50.5,"7,786"
2004,Detroit Pistons,82,54,28,3956,100.3,93.9,6.5,62,1.37,16.6,33.2,68.6,51.2,16.8,46.1,51.1,89.34,55.8,"7,365"
2004,Golden State Warriors,82,37,45,3971,101.5,102.6,-1.1,58.5,1.39,16.2,31.2,69.4,50.3,16.1,47.5,51.7,90.95,49.1,"7,535"
2004,Houston Rockets,82,45,37,3986,99.7,97.8,1.9,57.7,1.15,15.8,30.5,70.8,51.6,18.6,48.4,52.8,88.92,51.3,"7,384"
2004,Indiana Pacers,82,61,21,3961,102.5,96.2,6.3,64.4,1.5,17.3,32,70.6,51.1,16.2,47.1,52,88.54,53.9,"7,311"
2004,Los Angeles Clippers,82,28,54,3961,101.9,106.6,-4.7,58.7,1.23,15.5,36.2,67.7,51.7,17.6,45.3,51.2,92.49,46.4,"7,624"
2004,Los Angeles Lakers,82,56,26,3971,104.2,100.1,4.1,64.3,1.72,17.9,31.3,70.1,50.6,14.6,48.1,52.2,93.39,53.8,"7,729"
2004,Memphis Grizzlies,82,50,32,3976,103.4,100.8,2.6,64.6,1.56,17.7,32.5,65.5,48.9,16,47.9,52.2,92.6,52.2,"7,670"
2004,Miami Heat,82,42,40,3951,100.6,100.3,0.3,57.3,1.38,15.6,30.7,70.7,50.4,15.4,46.3,51,89.3,49.6,"7,361"
2004,Milwaukee Bucks,82,41,41,3956,104.6,103.5,1.1,63,1.69,17.5,30.8,69,49.9,14.4,47.7,52.8,93.2,51,"7,682"
2004,Minnesota Timberwolves,82,58,24,3951,104.2,98.5,5.7,62.3,1.81,18.2,30.3,69.1,50.7,14,48.6,52.8,90.24,55.4,"7,441"
2004,New Jersey Nets,82,47,35,3941,99,96.4,2.6,71.4,1.66,19.1,28.9,71.1,50.1,16.2,47.1,51.5,90.97,53.3,"7,475"
2004,New Orleans Hornets,82,41,41,3966,100.7,100.6,0.1,61.9,1.4,16.4,33.2,68.1,50.2,16.4,46,50.5,90.59,49.1,"7,476"
2004,New York Knicks,82,39,43,3976,99.7,101.3,-1.6,58.8,1.31,16.4,30.7,70.1,50.8,17,47.4,51.8,91.29,48.8,"7,563"
2004,Orlando Magic,82,21,61,3966,101.4,108.8,-7.4,54.5,1.41,15.2,31.5,65.7,48.1,14.8,46.1,50.4,92.14,43.4,"7,608"
2004,Philadelphia 76ers,82,33,49,3971,97.8,100.4,-2.6,61.1,1.25,16.1,31.3,68.1,49.8,17.7,45.6,50.5,89.26,48.4,"7,379"
2004,Phoenix Suns,82,29,53,3946,100.3,104.2,-3.8,53.6,1.27,15.3,29.7,66.1,47.9,16.2,47.5,51.5,93.72,46.6,"7,699"
2004,Portland Trail Blazers,82,41,41,3996,102.1,103.5,-1.5,61,1.46,17.2,34.4,67,50.7,16.6,47.8,51.5,87.54,48.8,"7,289"
2004,Sacramento Kings,82,55,27,3956,108.6,103.2,5.4,69.4,1.89,19.6,29.2,67.6,48.8,14.6,50.7,55.4,94.25,54.4,"7,765"
2004,San Antonio Spurs,82,57,25,3951,101,93.1,7.9,59,1.39,16.3,31.9,71,51.6,16.2,47.3,51.1,90.23,56.6,"7,428"
2004,Seattle SuperSonics,82,37,45,3961,105.6,106.4,-0.8,60.6,1.5,17.1,30.2,65.5,47.9,15.8,50.1,54,91.34,49.1,"7,542"
2004,Toronto Raptors,82,33,49,3996,95.3,98.8,-3.4,59.3,1.35,15.9,27,67.3,47.1,15.9,45.4,49.5,88.24,47.6,"7,348"
2004,Utah Jazz,82,42,40,3956,100,101.3,-1.3,62.1,1.22,16.3,37.3,69.1,52.9,18.8,45.6,50.9,88.26,49.3,"7,271"
2004,Washington Wizards,82,25,57,3966,97.2,102.9,-5.7,55.7,1.07,14.5,33.3,66.7,49.6,18.6,45.4,50,93.9,44.1,"7,751"
2005,Atlanta Hawks,82,13,69,3971,98.8,109,-10.2,54.9,1.22,15.3,32.6,69.6,50.2,17.1,46.4,50.4,93.09,42.2,"7,695"
2005,Boston Celtics,82,45,37,3976,105.9,105.1,0.8,59.4,1.4,16.9,30.5,67.1,49.4,16.5,50.1,55.1,94.61,50.5,"7,839"
2005,Charlotte Bobcats,82,18,64,3976,99.8,106,-6.2,60.6,1.51,16.5,32.7,67.6,49.2,15.4,45.5,49.7,93.54,46,"7,743"
2005,Chicago Bulls,82,47,35,3966,100.5,99.1,1.4,61.2,1.27,16.4,31.7,69.1,50.6,17.8,47.1,51.7,93.41,49.8,"7,707"
2005,Cleveland Cavaliers,82,42,40,3971,105.3,104.7,0.6,61.9,1.62,17.3,35.4,67.4,51,15.2,47,51.8,90.72,51,"7,516"
2005,Dallas Mavericks,82,58,24,3946,108.5,102.6,5.9,52.6,1.46,15.3,31.9,67.4,50,14.2,49.2,54.5,94.18,53.7,"7,749"
2005,Denver Nuggets,82,49,33,3951,104.7,102.6,2.2,64.5,1.6,18,31.3,67.8,49.7,15.7,48.3,53.5,94.68,53.1,"7,792"
2005,Detroit Pistons,82,54,28,3991,103.9,99.6,4.3,62.7,1.58,17.2,34,69.3,51.8,15.4,47.2,51.9,88.59,54.2,"7,364"
2005,Golden State Warriors,82,34,48,3981,103.4,105.5,-2.2,59.8,1.63,16.6,30.3,66.6,47.7,14.2,47.5,51.2,94.45,47.3,"7,830"
2005,Houston Rockets,82,51,31,3971,104.4,100.1,4.3,60.9,1.53,16.9,30.1,71.3,51.2,15.2,48.6,53.4,90.18,52.7,"7,467"
2005,Indiana Pacers,82,44,38,3981,103.7,102.7,1,55.8,1.27,15.1,29.6,68.7,49.4,16,47.6,53.4,88.71,50.4,"7,351"
2005,Los Angeles Clippers,82,37,45,4006,103.8,104.5,-0.8,65,1.47,17.9,33.8,68.7,51.8,17.1,47.7,53.3,90.66,51.8,"7,564"
2005,Los Angeles Lakers,82,34,48,3956,106.4,109.6,-3.2,57.8,1.42,15.9,32.4,68,50.3,15.5,48.5,53.5,92.34,46.8,"7,610"
2005,Memphis Grizzlies,82,45,37,3941,104.2,101.5,2.7,61.2,1.43,16.9,30.8,66.3,48.7,16.3,48.9,53.5,89.65,51.5,"7,355"
2005,Miami Heat,82,59,23,3996,108.9,102.2,6.7,57.8,1.59,17.1,29.7,69.8,50.8,14.7,52.4,55.9,91.73,55.6,"7,647"
2005,Milwaukee Bucks,82,30,52,3956,105.1,108.1,-3,58,1.52,16.4,32.2,68.7,50.3,14.9,47.5,52.7,92.14,47.8,"7,584"
2005,Minnesota Timberwolves,82,44,38,3951,106.6,105,1.6,63,1.78,18.3,32.1,68.2,50.8,14.5,48.9,53.4,90.39,51.8,"7,440"
2005,New Jersey Nets,82,42,40,3981,99.9,101.6,-1.7,64.4,1.52,17.1,29.8,70.1,49.5,15.5,46.3,51.2,90.41,49,"7,501"
2005,New Orleans Hornets,82,18,64,3986,98.2,105.9,-7.7,63.4,1.42,16.6,32.9,67.5,49.4,16.5,44.6,49.3,88.97,43.7,"7,382"
2005,New York Knicks,82,33,49,3976,104.5,107.2,-2.7,55.9,1.38,15.9,31.6,68.6,49.8,15.8,48.5,53.1,92.12,47.5,"7,634"
2005,Orlando Magic,82,36,46,3941,103.4,105.7,-2.3,52.2,1.2,14.8,32.8,68.2,50.7,16.8,47.8,52.9,96.15,48.9,"7,891"
2005,Philadelphia 76ers,82,43,39,3971,101.8,102.5,-0.7,58,1.34,15.9,28.1,70.3,49.1,16,47.5,52.8,96.56,49.3,"7,985"
2005,Phoenix Suns,82,62,20,3956,112.7,105.7,7,57.5,1.71,17.4,30.4,65.6,49,14,53.4,57.1,97.35,54.6,"8,034"
2005,Portland Trail Blazers,82,27,55,3946,101.9,106.1,-4.3,59.5,1.32,16.6,33.1,65,49.6,17.5,48.4,52.4,91.05,47.5,"7,481"
2005,Sacramento Kings,82,50,32,3971,108.8,106.5,2.3,62.6,1.87,18.2,31.5,66.7,49.1,13.7,49.6,54.1,94.52,52.2,"7,819"
2005,San Antonio Spurs,82,59,23,3961,106.1,97.8,8.3,60.6,1.57,17.1,32.1,69.7,51,15.1,49.2,53.4,89.96,56.5,"7,435"
2005,Seattle SuperSonics,82,52,30,3951,110.3,108,2.3,51.6,1.34,14.7,35.7,68.1,51.7,15.1,49.5,54.6,89.24,50.4,"7,353"
2005,Toronto Raptors,82,33,49,3961,105.4,107.2,-1.8,56.6,1.54,16,26.9,68.2,47.3,14,49.2,53.9,94.01,47.9,"7,762"
2005,Utah Jazz,82,26,56,3956,102.9,107.3,-4.4,64.6,1.41,17.4,35.1,69.5,51.8,17.4,46.9,52.2,90.02,47.5,"7,409"
2005,Washington Wizards,82,45,37,3956,105.4,105.9,-0.4,52.7,1.33,14.6,33.8,66.7,49.7,15,47.4,52.3,94.8,48.5,"7,816"
2006,Atlanta Hawks,82,26,56,3976,104.8,110.1,-5.3,55.2,1.27,15.5,33.4,66.7,49.6,16.9,48.6,53.4,91.75,46.2,"7,607"
2006,Boston Celtics,82,33,49,3976,104,105.6,-1.5,58.1,1.26,16.4,28.9,69.4,49.7,17.6,50.4,55.1,93.27,48.5,"7,722"
2006,Charlotte Bobcats,82,26,56,3981,101.2,105.6,-4.4,58,1.47,15.9,30.5,67.8,47.9,14.9,46.4,50.9,94.57,46.3,"7,851"
2006,Chicago Bulls,82,41,41,3981,103.3,102.7,0.7,60.1,1.47,16.9,30.3,70.3,50.3,15.8,48.7,52.7,93.59,50.1,"7,762"
2006,Cleveland Cavaliers,82,50,32,3966,106.6,104.4,2.1,53.6,1.37,15.3,31.3,71.7,51.4,15.1,49.2,53.8,90.77,51,"7,510"
2006,Dallas Mavericks,82,60,22,3976,109.9,103.2,6.7,50,1.32,14.6,34.7,69,52.2,15,49.5,55,89.3,55.1,"7,397"
2006,Denver Nuggets,82,44,38,3986,104.4,104.1,0.3,62.4,1.58,17.6,30,68.2,49.4,15.4,48.8,53.5,94.9,51.2,"7,877"
2006,Detroit Pistons,82,64,18,3966,109.3,101.7,7.6,66.1,2.12,18.9,31.7,68,49.7,12.8,49.7,53.5,87.98,55.7,"7,268"
2006,Golden State Warriors,82,34,48,3966,103.5,104.9,-1.4,57.6,1.47,15.9,29.6,68.6,48.5,14.8,47.9,52.1,94.43,47.5,"7,800"
2006,Houston Rockets,82,34,48,3966,100.4,102.1,-1.7,58.3,1.32,15.8,29.1,70.5,50.1,16.2,47.1,51.9,89.07,49,"7,358"
2006,Indiana Pacers,82,41,41,3946,103.1,101,2,58.5,1.3,16,30.4,69.9,50.6,16.8,48.7,53.3,90.85,51.4,"7,470"
2006,Los Angeles Clippers,82,47,35,3961,103.8,102.2,1.6,57.1,1.44,16.5,28.6,71.9,51.3,15.4,48.7,54,92.99,52.3,"7,675"
2006,Los Angeles Lakers,82,45,37,3971,106.8,104.2,2.6,58,1.52,16.5,31.6,70.1,50.7,15,49.5,53.9,92.22,51.8,"7,632"
2006,Memphis Grizzlies,82,49,33,3971,104.5,100.4,4.1,57.8,1.4,16.1,29.8,69,49.6,15.7,49.6,53.7,87.39,51.6,"7,232"
2006,Miami Heat,82,52,30,3951,107.5,103.4,4.1,55.7,1.43,16.4,29.7,72.6,51.9,15.6,51.7,55.6,92.56,53.8,"7,622"
2006,Milwaukee Bucks,82,40,42,3971,104.9,105.9,-1,59.4,1.48,16.8,30.9,71.3,50.7,15.7,49.2,53.5,92.45,48.6,"7,646"
2006,Minnesota Timberwolves,82,33,49,3971,101.5,103.5,-2,59.4,1.44,16.9,29.6,67.3,49,16,48,52.4,89.58,50.3,"7,409"
2006,New Jersey Nets,82,49,33,3956,102.4,100.9,1.5,67.8,1.68,18.2,27.4,73,50.1,14.9,47.8,52.8,91.17,51.3,"7,513"
2006,New Orleans/Oklahoma City Hornets,82,38,44,3961,102.3,105.1,-2.8,53.7,1.39,15.1,29.7,70.9,49.7,14.7,46.4,51.5,90.32,48.4,"7,442"
2006,New York Knicks,82,23,59,3986,102.7,109.3,-6.6,52,1.01,14.2,34.2,69.7,51.8,19,48.1,53.4,92.03,44.4,"7,633"
2006,Orlando Magic,82,36,46,3981,105.3,106.6,-1.3,51.4,1.21,15,33,69.1,51.6,16.8,49.6,54.3,89.12,49.5,"7,395"
2006,Philadelphia 76ers,82,38,44,3981,104.7,106.5,-1.8,55.1,1.43,15.8,28.5,67.6,48.1,14.9,48.7,53.8,93.91,49.2,"7,780"
2006,Phoenix Suns,82,54,28,3991,110.2,104.7,5.4,63.5,2,19.5,25.6,69,48,13.5,53.7,56.8,96.92,54.7,"8,067"
2006,Portland Trail Blazers,82,21,61,3946,99.7,110.3,-10.7,53.4,1.24,15.1,30.8,65.7,48,16.5,47.4,51.1,88.88,42.4,"7,308"
2006,Sacramento Kings,82,44,38,3966,105.3,103.5,1.8,61.8,1.52,17.3,28.9,69.4,49.5,15.6,49.2,54.4,93.26,51.5,"7,701"
2006,San Antonio Spurs,82,63,19,3961,106.2,98.7,7.5,57.4,1.52,17,28.9,70.8,50.5,15.3,51.3,54.6,89.41,55.4,"7,382"
2006,Seattle SuperSonics,82,35,47,3966,109.4,112.7,-3.3,55.1,1.4,16,34,65.9,49.5,15.7,50.4,55.1,93.04,46.7,"7,689"
2006,Toronto Raptors,82,27,55,3991,107.9,111.2,-3.2,52.9,1.49,15.5,28.6,69.7,48.4,13.9,50,54.8,92.33,45.9,"7,678"
2006,Utah Jazz,82,41,41,3976,102.4,105.1,-2.7,64.6,1.37,16.9,35.6,70.2,52.6,17.4,46.7,51.9,89.4,49.7,"7,398"
2006,Washington Wizards,82,42,40,3966,107.7,105.8,1.9,51.2,1.33,14.5,32.9,67.9,49.9,14.8,48.4,53.8,93.68,50.3,"7,742"
2007,Atlanta Hawks,82,30,52,3976,102,107,-5.1,55.6,1.2,15.3,32.8,67.6,49.9,17.3,47.1,52.3,90.98,46.6,"7,533"
2007,Boston Celtics,82,24,58,3971,102.3,105.8,-3.5,57,1.21,15.6,30.9,70.5,50.2,17.6,47.9,53,92.91,45.9,"7,680"
2007,Charlotte Bobcats,82,33,49,4001,102.4,106.3,-3.9,62,1.5,17.1,29.9,68.2,48.5,15.8,48,52.4,93.11,47.1,"7,758"
2007,Chicago Bulls,82,49,33,3956,104,98.8,5.2,60.1,1.4,17,31.9,70.7,51.4,16.8,49.3,53.4,94.47,53.9,"7,790"
2007,Cleveland Cavaliers,82,50,32,3976,104.4,100.6,3.8,57.4,1.45,16.2,32.7,72.1,51.8,15.5,48.4,52.2,91.59,52,"7,598"
2007,Dallas Mavericks,82,67,15,3951,109.7,102.1,7.6,54.2,1.43,16,32,71.9,52.2,15.2,50.9,55.9,90.68,55.2,"7,476"
2007,Denver Nuggets,82,45,37,3956,106.7,105.1,1.7,60.7,1.42,17.1,32.2,67.8,50.2,16.7,50.1,54.8,98.2,51.4,"8,093"
2007,Detroit Pistons,82,53,29,3976,107.4,102.6,4.8,60.1,1.77,17.3,30.7,67.8,49.3,13.7,48.8,53.5,88.56,53.3,"7,332"
2007,Golden State Warriors,82,42,40,3951,106.2,106.5,-0.3,59.8,1.49,17.3,28.5,66.2,47.2,15.9,51.2,54.8,99.97,48.9,"8,228"
2007,Houston Rockets,82,52,30,3971,104.7,99.7,4.9,58.6,1.47,16.5,28.7,72.5,50.8,15.3,49.9,54,91.7,52.9,"7,598"
2007,Indiana Pacers,82,35,47,3956,101.9,104.4,-2.5,58.5,1.26,15.9,32.1,69.4,50.3,17.3,47.4,52.3,93.43,48.5,"7,697"
2007,Los Angeles Clippers,82,40,42,3946,103.8,104.2,-0.4,61.2,1.42,17,30.7,71.2,51.3,16.4,48.1,53.7,91.92,50.9,"7,554"
2007,Los Angeles Lakers,82,42,40,4006,107.3,107.5,-0.2,59.6,1.45,17.1,30,69,49.6,16.1,51.1,55.4,94.58,49.9,"7,898"
2007,Memphis Grizzlies,82,22,60,3996,105.7,110.9,-5.2,56,1.25,15.9,29.1,68.2,48.6,17,50.4,55.5,94.77,46.2,"7,883"
2007,Miami Heat,82,44,38,3971,103.4,104.6,-1.2,57.6,1.4,16.6,27.9,69.3,49.3,16,50.6,54.1,90.61,50.8,"7,503"
2007,Milwaukee Bucks,82,28,54,3971,106,110.3,-4.3,56.7,1.43,16.7,30.6,65.7,47.9,16.1,50.4,54.1,93.33,45.6,"7,709"
2007,Minnesota Timberwolves,82,32,50,4001,102.4,106.5,-4,61.7,1.45,17.5,29.2,69.8,50,16.6,49,53.7,92.19,48.7,"7,689"
2007,New Jersey Nets,82,41,41,3976,104.2,105.1,-0.9,67.4,1.62,18.5,27.5,71.4,49.6,15.8,50.4,54.6,92.69,49.9,"7,682"
2007,New Orleans/Oklahoma City Hornets,82,39,43,3976,103.7,105.4,-1.6,51.7,1.29,14.9,31.8,71.9,51.4,15.7,47.9,52,91.19,48.5,"7,551"
2007,New York Knicks,82,33,49,4001,104.3,107.4,-3.1,52.8,1.09,14.7,33.7,71.4,52.7,18.3,49.4,53.9,91.89,47.1,"7,661"
2007,Orlando Magic,82,40,42,3956,104.1,103.3,0.8,53,1.1,15.1,33.3,69.7,51.9,18.6,50,54.4,90.54,50.2,"7,465"
2007,Philadelphia 76ers,82,35,47,3976,102.4,105.6,-3.2,56.9,1.33,16.1,30.6,67.8,49.3,16.5,48,53,91.84,48.9,"7,606"
2007,Phoenix Suns,82,61,21,3981,112.9,105.5,7.4,62.6,1.78,19.3,26.2,68.3,48.4,14.9,55.1,59,96.45,56.1,"8,002"
2007,Portland Trail Blazers,82,32,50,3991,103.8,108.6,-4.8,52.6,1.22,15,32.6,69.7,50.7,16.6,48.3,53,89.36,45.9,"7,431"
2007,Sacramento Kings,82,33,49,3961,105.1,106.7,-1.6,56.6,1.39,15.8,26.7,69.2,47.7,15.1,49.1,54.5,95.83,48.5,"7,898"
2007,San Antonio Spurs,82,58,24,3956,108.6,99.4,9.2,60.5,1.6,17.8,27.9,71.5,50.5,15.3,52.1,56.1,90.22,56.9,"7,440"
2007,Seattle SuperSonics,82,31,51,3966,105.9,108.9,-3,55.6,1.34,16.2,31.2,67.6,49.2,16.5,49.9,54.4,92.92,47.4,"7,674"
2007,Toronto Raptors,82,47,35,3951,105.7,104.4,1.2,60.1,1.65,17.5,25,71.1,48.1,14.3,50.4,55,93.86,51.4,"7,719"
2007,Utah Jazz,82,51,31,3961,108.6,105.6,3,65.9,1.58,18.5,35.2,72.1,53.4,16.7,50.2,55.1,92.81,53.1,"7,661"
2007,Washington Wizards,82,41,41,3966,108.7,109.1,-0.4,54.1,1.47,15.5,31.2,67.8,48.9,14.4,49.1,54.2,95.33,48.5,"7,870"
2008,Atlanta Hawks,82,37,45,3971,105.5,107.3,-1.8,60.6,1.48,17,32.9,68.2,50.6,16,48.3,53.5,92.35,49.8,"7,634"
2008,Boston Celtics,82,66,16,3951,108.8,98.1,10.8,61.4,1.47,17.6,30.6,70.7,51.8,16.4,52.2,56.9,91.88,58.1,"7,575"
2008,Charlotte Bobcats,82,32,50,3976,103.7,108.2,-4.5,59.1,1.45,16.6,29.4,67.4,48.3,15.7,49.2,53.2,92.75,46.9,"7,678"
2008,Chicago Bulls,82,33,49,3961,102.9,106,-3.1,60.6,1.51,16.7,32.5,68.7,50,15.4,47,51.5,94.04,48,"7,754"
2008,Cleveland Cavaliers,82,45,37,3971,104.8,105.4,-0.6,55.8,1.43,15.7,33.4,71.5,51.8,15.2,48,52,91.06,49,"7,540"
2008,Dallas Mavericks,82,51,31,3946,109.5,104.7,4.8,56.9,1.66,16.7,30,71.6,51.4,13.8,50.2,55.4,91.38,53.6,"7,518"
2008,Denver Nuggets,82,50,32,3971,108.9,105.5,3.4,61.2,1.68,17.7,29.2,68.6,49.4,14.4,51,55.7,100.58,52.9,"8,330"
2008,Detroit Pistons,82,59,23,3946,109.8,101.5,8.3,61.1,1.92,17.8,32.7,70,51.3,13.1,49.5,53.9,88.54,55.2,"7,279"
2008,Golden State Warriors,82,48,34,3956,110.4,108.5,1.9,53.9,1.69,16.3,30.1,67.2,48.1,13.1,51.1,54.8,99.96,49.6,"8,249"
2008,Houston Rockets,82,55,27,3946,105.4,100.5,4.8,58.5,1.56,16.8,32.3,71.1,51.9,15,49.2,52.8,91.42,53.5,"7,525"
2008,Indiana Pacers,82,36,46,3951,105.1,106.3,-1.2,60.1,1.51,16.9,27.8,70.1,48.7,15.2,49.8,54,98.64,48.5,"8,111"
2008,Los Angeles Clippers,82,23,59,3961,99.9,107.4,-7.5,61.4,1.47,16.7,26.7,70.3,48.4,15.3,46.5,51.9,93.38,46.1,"7,698"
2008,Los Angeles Lakers,82,57,25,3956,111.7,104.3,7.3,61.7,1.73,18.1,29.7,70.2,50.7,14.5,52.5,57,96.7,55.1,"7,974"
2008,Memphis Grizzlies,82,22,60,3961,103.9,110.2,-6.3,51.4,1.26,14.9,27.7,70.6,48.9,15.7,50,53.9,96.33,45.1,"7,945"
2008,Miami Heat,82,15,67,3966,99.4,108.8,-9.4,58.5,1.37,16.3,26.4,68.1,47,15.9,48.2,52.2,91.24,44.5,"7,538"
2008,Milwaukee Bucks,82,26,56,3971,103.9,111.1,-7.2,58.2,1.45,16.5,33.2,69.4,50.6,15.8,48.2,52.2,92.61,45.2,"7,654"
2008,Minnesota Timberwolves,82,22,60,3946,102.7,110,-7.3,53,1.37,15.6,31.4,70.3,50.1,15.6,48.4,51.8,92.84,43.5,"7,632"
2008,New Jersey Nets,82,34,48,3966,102.3,107.7,-5.4,67.4,1.57,18,30,70.6,50.2,16,48.1,52.8,92.96,47.5,"7,679"
2008,New Orleans Hornets,82,56,26,3961,110,104.4,5.6,56.4,1.83,17.2,30,71.7,50.6,13,51.2,54.8,91.04,52.6,"7,517"
2008,New York Knicks,82,23,59,3976,103.5,110.4,-6.8,51.6,1.29,14.7,32.1,69.7,50.2,15.5,47.5,51.8,92.76,44,"7,676"
2008,Orlando Magic,82,52,30,3956,110.4,104.9,5.6,55.8,1.45,16.4,27.4,70.9,50.1,15.1,53.7,57.5,94.02,52.9,"7,757"
2008,Philadelphia 76ers,82,40,42,3951,105.1,104.7,0.5,54.7,1.43,15.9,35.1,68.8,51.5,15.6,48.2,52.2,91.56,50,"7,536"
2008,Phoenix Suns,82,55,27,3956,112,107,5,64.5,1.85,19.7,25.3,67.4,48.1,14.7,55.1,59,97.72,55.6,"8,058"
2008,Portland Trail Blazers,82,41,41,3981,105.9,106.8,-0.8,59,1.64,17,30.3,68.4,49.5,14.3,48.9,53.2,89.1,49.5,"7,381"
2008,Sacramento Kings,82,38,44,3966,106.2,108.6,-2.4,51.5,1.19,14.9,29,68.9,49.3,16.6,50.3,55.6,95.81,48.3,"7,920"
2008,San Antonio Spurs,82,56,26,3946,106,100.7,5.3,58.5,1.66,17.1,26.8,73.3,50.3,14,50.4,54.3,89.72,53.3,"7,377"
2008,Seattle SuperSonics,82,20,62,3966,99.6,108.3,-8.6,55.9,1.33,15.9,30.5,70,50.2,16.3,46.7,50.9,97.32,45,"8,030"
2008,Toronto Raptors,82,41,41,3966,108.9,105.6,3.3,62,2.04,18.7,26.9,70.9,48.9,12.7,51.1,55.1,91.35,51.9,"7,543"
2008,Utah Jazz,82,54,28,3941,112.1,104.9,7.2,66,1.8,19.6,32.7,71,52.1,15.4,52.8,57.3,94.64,55.6,"7,773"
2008,Washington Wizards,82,43,39,3981,107.6,107.9,-0.3,53.8,1.49,15.6,32,69.5,50.3,14.4,48.9,53.5,90.85,48.8,"7,533"
2009,Atlanta Hawks,82,47,35,3941,108.3,106.7,1.7,56.1,1.58,16.4,29.5,68.2,49,14.1,50.4,54.6,90.44,50.7,"7,428"
2009,Boston Celtics,82,62,20,3976,109.5,101.6,7.9,60.6,1.45,17.8,31.4,71.5,52.4,16.9,52.8,57.1,91.15,56.2,"7,560"
2009,Charlotte Bobcats,82,35,47,3986,103.7,105,-1.3,60.7,1.36,17,32.1,68.6,50.4,17.3,49.4,53.6,89.18,49.5,"7,401"
2009,Chicago Bulls,82,41,41,3986,107.2,107.5,-0.3,55.4,1.45,16.1,32.1,67.5,49.8,15.3,49.3,54.1,94.1,49.9,"7,816"
2009,Cleveland Cavaliers,82,66,16,3956,111.2,101.6,9.6,55,1.59,16.4,30.6,70.7,51.2,14.1,51.9,56,89.61,55.9,"7,395"
2009,Dallas Mavericks,82,50,32,3961,109,107,2,56.9,1.71,17,29.7,70.7,50.4,13.6,50.4,55,92.68,52.2,"7,651"
2009,Denver Nuggets,82,54,28,3946,109,105.6,3.4,59.5,1.45,16.9,31.1,68.3,50.3,16,51.2,56.3,95.39,52.9,"7,848"
2009,Detroit Pistons,82,39,43,3981,105.8,106.4,-0.6,56.7,1.74,16.7,31.1,71.1,50.8,13.3,48.3,52.4,88.02,49.6,"7,302"
2009,Golden State Warriors,82,29,53,3976,108,111.7,-3.7,53,1.42,15.4,29.3,65.2,47.3,14.6,49.7,54.9,99.57,47.8,"8,247"
2009,Houston Rockets,82,53,29,3961,107.1,102.9,4.2,56.2,1.44,16.2,30.8,71.4,51.7,15.4,50.1,54.8,91.23,53,"7,532"
2009,Indiana Pacers,82,36,46,3966,107.2,108.2,-1,55.1,1.49,16.3,29.1,70.7,49.8,14.8,50.1,54.5,97.34,48.9,"8,037"
2009,Los Angeles Clippers,82,19,63,3976,101,110.1,-9.2,58.3,1.41,16.4,28.7,67.9,47.9,15.8,48.1,52,93.3,44.1,"7,723"
2009,Los Angeles Lakers,82,65,17,3956,111.4,103.5,7.9,57.7,1.73,17.3,32.6,69.8,51.4,14,51.3,55.5,95.49,54.7,"7,874"
2009,Memphis Grizzlies,82,24,58,3961,102.3,108.2,-6,49.7,1.14,14.2,29.7,69.7,49.5,16.6,48.6,53.3,91.22,45.7,"7,528"
2009,Miami Heat,82,43,39,3991,106.8,106.5,0.3,55.1,1.63,16.3,28.2,69.3,48.4,13.6,50,54,90.8,50.5,"7,547"
2009,Milwaukee Bucks,82,34,48,3956,105.2,106.3,-1.1,59.9,1.56,16.8,31,69.9,49.6,14.9,48.3,53.1,93.89,48.5,"7,736"
2009,Minnesota Timberwolves,82,24,58,3961,104.9,109.9,-5,56.1,1.44,15.9,32.1,71.7,51.1,15.2,48.1,52.6,92.76,45.3,"7,645"
2009,New Jersey Nets,82,34,48,3966,106.8,109.5,-2.7,55.9,1.52,16,28.8,70.3,49.3,14.3,49.7,54.3,91.12,47.4,"7,530"
2009,New Orleans Hornets,82,49,33,3951,107.6,105.8,1.8,55.3,1.56,16.3,28.2,70.7,49.6,14.1,50.1,54.8,88.74,51.5,"7,303"
2009,New York Knicks,82,32,50,3961,107,109.4,-2.5,55.1,1.48,16,27.7,69.6,48,14.6,50.3,54.4,97.82,46.7,"8,066"
2009,Oklahoma City Thunder,82,23,59,3961,101.4,107.6,-6.2,55.5,1.25,15.6,30.9,71.6,50.8,17,47.1,52.1,95.1,46.4,"7,841"
2009,Orlando Magic,82,59,23,3946,108.3,101.3,7.1,54.4,1.39,15.6,27.3,71.7,50.2,14.9,52,55.9,92.99,54.5,"7,649"
2009,Philadelphia 76ers,82,41,41,3951,106.3,106.1,0.2,55,1.42,15.8,34.2,68,50.8,15.4,48.5,53.2,91.3,50.3,"7,512"
2009,Phoenix Suns,82,46,36,3951,112.4,110.4,2,56.5,1.48,17.4,30.8,68.2,50.3,16.1,54.5,58.4,96.99,52.5,"7,984"
2009,Portland Trail Blazers,82,54,28,3966,112.1,106.1,6,55.2,1.58,16.4,35.5,70.8,52.8,14.5,51.1,55.3,88.02,53.1,"7,273"
2009,Sacramento Kings,82,17,65,3981,104.4,113.4,-9,54.1,1.28,15.3,28.9,66.9,47.7,16,49.1,54.2,95.29,44,"7,901"
2009,San Antonio Spurs,82,54,28,3981,107.6,103.4,4.2,57.1,1.8,17.3,25.8,74,50.2,13,51.3,54.8,89.19,52.3,"7,395"
2009,Toronto Raptors,82,33,49,3961,105.5,108.6,-3,60.1,1.67,17.5,27.6,70.6,49.3,14.3,49.4,54.2,93.26,49.2,"7,697"
2009,Utah Jazz,82,48,34,3976,108.5,105.8,2.7,64.4,1.67,18.4,31.6,69.3,50.5,15.5,50.4,55.4,94.47,53.5,"7,827"
2009,Washington Wizards,82,19,63,3941,104,112.1,-8.1,54.8,1.43,15.8,31.3,68.9,49.5,15.1,48,52.4,92.26,44.8,"7,576"
2010,Atlanta Hawks,82,53,29,3971,111,106,4.9,56.2,1.83,17.1,32,68.5,50.2,13,50.6,54.5,90.77,52.3,"7,515"
2010,Boston Celtics,82,50,32,3956,106.9,103.2,3.7,63.5,1.58,18.5,27.4,69.7,49.3,16,52.2,56.4,92.22,54,"7,609"
2010,Charlotte Bobcats,82,44,38,3976,103.9,102,1.9,58,1.29,16.1,31.5,69.8,51,17.2,49,53.8,90.91,51.8,"7,519"
2010,Chicago Bulls,82,41,41,3981,102.6,104.2,-1.6,55.3,1.45,16,30.3,70.9,50.9,15.1,47.7,52,94.02,50,"7,794"
2010,Cleveland Cavaliers,82,61,21,3956,110.6,103.8,6.8,59.2,1.61,17.7,29.3,72.5,51.9,15,53.2,57,91.77,55.2,"7,573"
2010,Dallas Mavericks,82,55,27,3976,107.8,105,2.8,61.1,1.81,18,27.9,69.7,49.3,13.7,50.6,55.2,93.6,53.4,"7,757"
2010,Denver Nuggets,82,53,29,3956,110.8,106.5,4.4,55,1.51,16.1,30.4,68.7,49.8,14.4,50.9,56.1,95.61,52.4,"7,876"
2010,Detroit Pistons,82,27,55,3956,104.5,110.3,-5.9,54.1,1.45,15.5,34.6,69.7,51,14.9,47.4,51.5,89.46,44.8,"7,379"
2010,Golden State Warriors,82,26,56,3946,107,110.3,-3.3,55.2,1.53,16.5,25.4,65.9,45.3,14.4,51.4,55.7,101.52,47,"8,338"
2010,Houston Rockets,82,42,40,3981,106.8,106.8,0,57.9,1.51,16.5,30.9,69.9,49.8,15.1,49.4,53.7,94.91,48.9,"7,857"
2010,Indiana Pacers,82,32,50,3941,103,106,-3,57.3,1.4,16.1,25.5,69,47.3,15.4,49.1,53.6,97.77,47.6,"8,024"
2010,Los Angeles Clippers,82,29,53,3941,102.3,109.1,-6.8,60.3,1.41,17.1,30.5,69.7,50,16.8,49.1,52.9,93.44,46.5,"7,670"
2010,Los Angeles Lakers,82,57,25,3966,107.6,102.7,4.9,55,1.58,16.2,31.4,70.8,51.2,14.1,49.6,53.8,93.73,52.9,"7,749"
2010,Memphis Grizzlies,82,40,42,3981,107.5,109,-1.5,47.9,1.24,14.4,35.5,69.8,52.3,16,49.4,53.6,94.29,48.6,"7,816"
2010,Miami Heat,82,47,35,3976,105.7,103.4,2.4,51.9,1.43,15.4,29.4,70.1,50,14.4,49.6,53.7,90.3,52.2,"7,485"
2010,Milwaukee Bucks,82,46,36,3996,104,101.9,2.1,57,1.6,16.4,29.8,72.6,50.1,14.1,48.2,51.8,92.6,49.5,"7,698"
2010,Minnesota Timberwolves,82,15,67,3956,100.6,110.4,-9.8,52.4,1.22,15,30.8,70.5,50.1,16.7,47.8,51.8,97.12,43.2,"8,002"
2010,New Jersey Nets,82,12,70,3956,99.3,108.9,-9.6,54.7,1.3,15.1,28.5,68.6,47.8,15.5,45.8,50.9,92.65,42.9,"7,628"
2010,New Orleans Hornets,82,37,45,3966,106.5,108.9,-2.4,57.5,1.66,17.3,28.2,69.6,48.6,14.3,50.6,54.3,93.53,48.4,"7,721"
2010,New York Knicks,82,29,53,3976,106.4,110.3,-4,56.7,1.54,16.6,26.8,69.1,47.6,14.6,50.9,54.7,95.03,47.4,"7,872"
2010,Oklahoma City Thunder,82,50,32,3961,107,103.5,3.5,53.5,1.34,15.5,32,69.4,51.1,15.8,49.4,54.7,94.13,53.2,"7,774"
2010,Orlando Magic,82,59,23,3946,110.7,102.8,7.9,53.7,1.4,15.8,28,72.6,51.2,15.2,53.6,57.3,92.54,55.1,"7,614"
2010,Philadelphia 76ers,82,27,55,3961,104.8,108.9,-4.1,55.8,1.45,16.4,31,69.3,49.8,15.6,49.6,53.4,92.72,47.8,"7,648"
2010,Phoenix Suns,82,54,28,3946,113.9,109.1,4.8,57.3,1.58,17.5,31.1,67.3,50.3,15.2,54.6,58.5,96.43,53.6,"7,937"
2010,Portland Trail Blazers,82,50,32,3971,109.6,106.1,3.5,56.3,1.65,16.6,32,70.2,51,13.8,49.9,54.7,88.64,52.5,"7,339"
2010,Sacramento Kings,82,25,57,3976,104.4,109.1,-4.7,53.4,1.37,15.7,31.5,70,50.4,15.6,49.1,52.8,94.78,46.7,"7,855"
2010,San Antonio Spurs,82,50,32,3956,109.3,103.9,5.4,58.1,1.64,17.4,30.3,72,51.5,14.7,51.5,55.2,92.26,53.2,"7,605"
2010,Toronto Raptors,82,40,42,3956,110.2,112.2,-2,56.4,1.64,17.1,28.8,69.2,49.5,14.2,52.1,56.4,93.94,48.9,"7,746"
2010,Utah Jazz,82,53,29,3951,109.7,104,5.7,67.8,1.76,19.8,31.3,71.8,52,16,52.4,56.5,94.68,55,"7,791"
2010,Washington Wizards,82,26,56,3966,103.1,108.3,-5.3,51.8,1.28,15,31.7,69.1,50.1,15.9,48.1,52.4,92.6,46.2,"7,656"
2011,Atlanta Hawks,82,44,38,3946,105.1,105.8,-0.7,60.7,1.61,17.7,27.4,71,49.4,15.1,50.1,54.2,90.22,49.3,"7,410"
2011,Boston Celtics,82,56,26,3956,105.5,99.8,5.7,63.5,1.61,18.8,25.7,70.9,49.7,15.9,51.9,56.1,90.92,55.8,"7,500"
2011,Charlotte Bobcats,82,34,48,3961,102.8,107,-4.2,60.1,1.45,16.9,29.8,70.5,50.2,16,48.2,52.8,90.3,48,"7,444"
2011,Chicago Bulls,82,62,20,3966,107.2,99.5,7.8,60.1,1.57,17.3,33.2,71.7,52.8,15.4,50.1,54.1,91.2,55.5,"7,542"
2011,Cleveland Cavaliers,82,19,63,3951,101.5,110.9,-9.5,59.6,1.48,16.4,28.3,69.9,48.5,15.1,47.2,51.8,93.76,44.1,"7,715"
2011,Dallas Mavericks,82,57,25,3941,108.4,104.1,4.4,63.7,1.71,18.7,27.8,71.3,50.4,15.1,52.5,56.5,92.24,53.8,"7,581"
2011,Denver Nuggets,82,50,32,3941,111.7,106.8,4.9,57.6,1.57,17,28.3,71.6,50.6,14.7,52.6,57.4,96.06,52.4,"7,888"
2011,Detroit Pistons,82,30,52,3976,107,110.7,-3.7,56.6,1.62,16.8,31.7,68.1,49.1,14.4,49.5,53.3,89.79,46.4,"7,428"
2011,Golden State Warriors,82,36,46,3966,107.1,109.4,-2.3,56.8,1.54,17,30,65.9,47.6,15.1,51,54.4,95.85,47.2,"7,916"
2011,Houston Rockets,82,43,39,3976,110.2,107.9,2.3,61.7,1.76,17.8,31.5,69,50.1,14.1,50.3,55,95.14,51.5,"7,880"
2011,Indiana Pacers,82,37,45,3956,104.1,105,-0.9,53.6,1.28,15.2,29.7,70.3,50.1,16,48.6,53.3,95.5,49.2,"7,864"
2011,Los Angeles Clippers,82,32,50,3971,104.8,108,-3.2,60.1,1.35,16.9,33,69.2,51.1,17.4,49.6,53.5,93.35,48.3,"7,718"
2011,Los Angeles Lakers,82,57,25,3966,109.6,103.3,6.3,57.6,1.68,17,32.5,69.2,51.3,14.1,50.2,54.5,91.78,54.1,"7,594"
2011,Memphis Grizzlies,82,46,36,3976,107,104.5,2.5,52.8,1.48,16,33.3,68.2,50.5,15,49.3,53.4,92.42,51.8,"7,656"
2011,Miami Heat,82,58,24,3956,110.6,102.9,7.8,54.1,1.44,16.1,28.7,71.5,51.4,15.1,52.4,57.3,91.63,55.6,"7,564"
2011,Milwaukee Bucks,82,35,47,3966,100.8,101.5,-0.8,54.9,1.4,15.3,28.7,71,49.2,14.8,46.7,51.1,90.57,48.8,"7,477"
2011,Minnesota Timberwolves,82,17,65,3956,103.2,109.9,-6.7,53.4,1.18,15,33.6,69.8,51.2,17.4,48.3,52.6,97.49,44.3,"8,034"
2011,New Jersey Nets,82,24,58,4001,102.1,108.9,-6.8,59,1.5,16.6,30.4,70,49.7,15.2,47.4,51.7,90.7,45.2,"7,563"
2011,New Orleans Hornets,82,46,36,3966,105.4,104.4,1,57.4,1.58,16.8,28.9,72.1,50.3,14.5,49.3,53.7,89.4,50.7,"7,387"
2011,New York Knicks,82,42,40,3956,109.9,109,1,56,1.56,16.4,27.3,67.6,47.3,14.1,51.3,56.1,96.47,50.4,"7,945"
2011,Oklahoma City Thunder,82,55,27,4001,109.9,105.9,3.9,54.5,1.45,15.8,30.6,69.7,50.7,14.8,50.1,56.1,93.84,52.9,"7,824"
2011,Orlando Magic,82,52,30,3966,107.4,101.8,5.6,55.3,1.34,15.9,30.4,72.3,51.8,16.2,52.1,55.4,91.55,53.4,"7,575"
2011,Philadelphia 76ers,82,41,41,3986,105.3,103.8,1.5,59.6,1.75,17.6,27.8,71.4,49.7,13.8,49.4,53.5,92.78,51,"7,709"
2011,Phoenix Suns,82,40,42,4001,108.6,109.4,-0.8,60.4,1.66,17.9,27.5,68.1,48,14.7,52.2,55.9,95.18,49.4,"7,930"
2011,Portland Trail Blazers,82,48,34,3961,107.3,105.7,1.6,58.8,1.62,16.9,33.1,68.2,49.9,14.5,48.6,53.3,89.13,51.6,"7,359"
2011,Sacramento Kings,82,24,58,3971,102.9,108.4,-5.5,53.4,1.27,15.4,33.4,70.2,51.2,16.7,48,51.9,95.76,46.2,"7,923"
2011,San Antonio Spurs,82,61,21,3956,110.5,104.4,6.1,58.3,1.67,17.5,27.6,71.1,50,14.3,52.7,56.7,93.34,53.8,"7,691"
2011,Toronto Raptors,82,22,60,3956,105.2,111.7,-6.5,57.1,1.49,16.8,31.4,68.5,49.5,15.6,49.1,53.3,93.78,45.9,"7,723"
2011,Utah Jazz,82,39,43,3976,107,108.8,-1.8,62.7,1.63,18,31.4,67.9,49.6,15.4,49.8,54.4,92.03,50,"7,619"
2011,Washington Wizards,82,23,59,3986,101.3,109.1,-7.8,52.2,1.27,14.9,31.7,67.1,48.8,16,47.1,51.3,94.76,44.5,"7,871"
2012,Atlanta Hawks,66,40,26,3233,104.2,100.4,3.8,61,1.61,17.6,27.9,70.3,49.3,15.1,50,53.5,90.88,52.6,"6,117"
2012,Boston Celtics,66,39,27,3188,100.1,97.5,2.6,66.5,1.59,18.8,24.5,68.6,47.8,16.2,49.6,53.5,91.11,53.5,"6,055"
2012,Charlotte Bobcats,66,7,59,3178,94.4,109.4,-15,60.5,1.39,16,28.5,67.8,47.4,15.7,43.9,48.3,91.86,41.1,"6,080"
2012,Chicago Bulls,66,50,16,3188,106.3,97.5,8.8,61.9,1.65,17.7,36.1,70.3,53.6,15.4,49,52.3,89.98,56.1,"5,982"
2012,Cleveland Cavaliers,66,21,45,3193,100,107.6,-7.6,57.9,1.29,15.4,32.3,68.3,49.6,16.6,46.3,50.5,92.34,43.9,"6,140"
2012,Dallas Mavericks,66,36,30,3213,102.1,100.9,1.1,57.5,1.49,16.5,26.8,71.4,49.3,14.9,48.9,52.7,92.61,51,"6,195"
2012,Denver Nuggets,66,38,28,3208,108.3,105.1,3.2,61.5,1.56,17.9,31.6,70.5,51.5,16,51.6,55.6,95.03,52.7,"6,346"
2012,Detroit Pistons,66,25,41,3193,100,105,-5,53.8,1.19,15.1,32.2,68.9,50,17.2,46.8,51,90.31,44.8,"6,000"
2012,Golden State Warriors,66,23,43,3183,103.9,107.3,-3.4,59.1,1.61,17.4,25.6,65.8,46,14.7,50.5,53.9,93.78,47.2,"6,212"
2012,Houston Rockets,66,34,32,3213,104.2,104,0.2,56.4,1.47,16.4,30.9,69.2,49.9,15.4,49.2,52.9,92.82,49.7,"6,215"
2012,Indiana Pacers,66,42,24,3198,105.5,102.1,3.3,52.2,1.33,14.7,33.3,68.9,51.1,15.1,47.4,52.6,91.68,52.1,"6,115"
2012,Los Angeles Clippers,66,40,26,3193,107.5,104.8,2.7,56.8,1.58,16.6,33.1,69.2,50.7,14.7,50.2,53.3,89.98,51.7,"5,989"
2012,Los Angeles Lakers,66,41,25,3213,104.5,103.2,1.3,61.1,1.49,17.3,32.7,71.9,53.2,16.2,49.1,53.4,91.72,52.4,"6,145"
2012,Memphis Grizzlies,66,41,25,3188,102.8,100.6,2.2,53.2,1.35,15.4,33.5,68.8,50.8,15.7,47.3,51.5,91.82,51.4,"6,099"
2012,Miami Heat,66,46,20,3208,105.6,99.2,6.4,53.8,1.31,15.9,29.9,69.3,50.4,16.3,50.5,54.9,92.07,55.3,"6,154"
2012,Milwaukee Bucks,66,31,35,3173,104.5,104.1,0.4,62,1.67,17.6,31.4,67.5,49,14.8,48.1,52.1,94.68,50.3,"6,256"
2012,Minnesota Timberwolves,66,26,40,3188,103.1,105.3,-2.2,54.8,1.29,15.1,31.1,69.3,50.2,16,47.7,52.4,94.44,48.3,"6,268"
2012,New Jersey Nets,66,22,44,3178,101.8,108.1,-6.3,58,1.32,15.8,31.4,67.7,48.9,16.5,47.3,51.6,91.26,44.8,"6,036"
2012,New Orleans Hornets,66,21,45,3188,99.9,103.9,-4,59.5,1.34,16.8,31,69.6,50.6,17.3,47.6,51.7,89.27,48.2,"5,924"
2012,New York Knicks,66,36,30,3188,103.5,100.2,3.2,56.2,1.26,15.6,30.9,70.2,50.3,16.9,49.2,53.3,93.91,52,"6,242"
2012,Oklahoma City Thunder,66,47,19,3198,108.4,102.1,6.3,49.7,1.13,14.6,30.4,68.7,50.9,17.2,51.6,56.7,94.11,54.2,"6,273"
2012,Orlando Magic,66,37,29,3193,104,103.4,0.6,58.1,1.34,16.1,30.6,72,51,16.5,50.6,53.3,89.75,49.3,"5,978"
2012,Philadelphia 76ers,66,35,31,3183,102.7,98.2,4.6,58.8,1.97,17.5,27.7,71.2,49.5,12.3,48,51.1,90.68,53.2,"6,016"
2012,Phoenix Suns,66,33,33,3168,105.2,105.2,-0.1,59.6,1.6,17.4,29.4,68.7,49.3,15,49.9,53.6,93.61,50.2,"6,173"
2012,Portland Trail Blazers,66,28,38,3193,104.4,105.3,-0.9,56.2,1.44,16.1,30.3,69.1,49.3,15.2,48.8,53.1,92.24,49.4,"6,143"
2012,Sacramento Kings,66,22,44,3183,102.9,108.7,-5.8,51,1.34,14.7,32.1,67,48.7,15,47.2,51,95.56,45.1,"6,333"
2012,San Antonio Spurs,66,50,16,3188,110,102.3,7.7,58.5,1.71,17.8,28.2,72,50.7,14.4,52.8,56.2,93.67,54.6,"6,220"
2012,Toronto Raptors,66,23,43,3193,99.6,103.6,-3.9,60.9,1.38,16.8,29.4,70.8,50.3,16.7,47.5,51.8,90.19,47.8,"6,008"
2012,Utah Jazz,66,36,30,3233,105.5,104.9,0.5,57,1.54,16.6,34,70.3,51.9,15,48.1,52.5,92.53,50.9,"6,236"
2012,Washington Wizards,66,20,46,3173,100,104.9,-5,52.3,1.25,15.1,30.8,67.8,48.9,16.3,47.2,50.8,93.59,46,"6,182"
2013,Atlanta Hawks,82,44,38,3971,103.7,103.4,0.3,65.1,1.65,18.8,25.4,70.1,48.2,15.7,51.7,54.6,93.56,50.9,"7,744"
2013,Boston Celtics,81,41,40,3968,102.2,102.6,-0.5,61.4,1.56,17.9,24.6,69,47.7,15.4,50.3,54.2,92.46,50.7,"7,652"
2013,Brooklyn Nets,82,49,33,3971,106.9,104.8,2,56.7,1.38,16.1,34.3,70.1,52,16.2,49.8,53.6,89.88,50.9,"7,433"
2013,Charlotte Bobcats,82,21,61,3961,100.4,110.3,-9.9,56.2,1.38,15.3,30.5,67.9,48.6,15.1,46,50.7,92.49,43.8,"7,632"
2013,Chicago Bulls,82,45,37,3966,102.4,101.9,0.5,64.5,1.61,17.8,33.2,69.9,51.4,15.7,47,51.2,90.35,51.4,"7,460"
2013,Cleveland Cavaliers,82,24,58,3946,103.2,108.2,-5,56.6,1.47,15.9,32.6,69.5,50,15,47.3,51.4,93.25,45,"7,666"
2013,Dallas Mavericks,82,41,41,3996,104.7,105.4,-0.6,59.9,1.67,17.7,25.9,69.8,48.4,14.4,50.6,54.4,95.09,50.2,"7,917"
2013,Denver Nuggets,82,57,25,3981,109.3,104.2,5.1,60,1.6,17.8,34.5,67.5,51.3,15.7,51.5,54.9,95.92,53.8,"7,960"
2013,Detroit Pistons,82,29,53,3961,102.7,107.2,-4.5,58.5,1.4,16.6,32.4,69.5,50.6,16.4,48.7,52.1,91.68,46.7,"7,571"
2013,Golden State Warriors,82,47,35,3961,105.1,104.2,0.9,58.9,1.49,17.1,28.5,71.2,50.6,15.7,50.6,54.5,95.64,50.2,"7,893"
2013,Houston Rockets,82,45,37,3956,108.8,105.3,3.5,60.9,1.41,17.3,30.5,71,50.9,16.9,52.5,56.4,96.89,51,"7,988"
2013,Indiana Pacers,81,49,32,3918,103.4,99,4.4,57.8,1.34,16,33.6,70.1,52.2,16.5,47.9,52.1,90.9,53.7,"7,420"
2013,Los Angeles Clippers,82,56,26,3946,109.8,102.8,6.9,62,1.64,18.4,32.3,69.7,51.2,15.9,52.6,55.7,91.83,54.8,"7,552"
2013,Los Angeles Lakers,82,45,37,3951,107,105.9,1.1,59.8,1.48,16.8,30.9,70.2,51,15.7,51.2,54.8,95.08,51.3,"7,830"
2013,Memphis Grizzlies,82,56,26,3961,103.6,99.1,4.5,57.9,1.5,16.5,34.4,70.2,52,15.5,47.2,51.4,89.56,53.1,"7,394"
2013,Miami Heat,82,66,16,3976,111.4,103.2,8.2,60,1.65,18.4,26.4,67.8,48.5,15.1,55.2,58.8,91.26,56.4,"7,572"
2013,Milwaukee Bucks,82,38,44,3966,102.5,104.2,-1.7,60,1.62,17,31.5,67.8,49.1,14.6,47.6,51,95.65,48.8,"7,909"
2013,Minnesota Timberwolves,82,31,51,3946,101.8,104,-2.2,62.4,1.51,17.1,31.2,70.2,50,15.7,47.3,51.6,93.94,49.4,"7,712"
2013,New Orleans Hornets,82,27,55,3956,104.5,108.9,-4.4,58.2,1.44,16.7,33.2,70.5,51.4,16.2,48.9,52.8,89.5,46.4,"7,379"
2013,New York Knicks,82,54,28,3946,109.8,105.4,4.5,52.7,1.6,15.6,29.1,70.8,49.4,13.2,51.5,55,90.68,51.2,"7,462"
2013,Oklahoma City Thunder,82,60,22,3966,111,101.2,9.9,56.1,1.4,16.6,29.1,70.2,51.3,16,52.7,58,94.58,57,"7,808"
2013,Orlando Magic,82,20,62,3956,100.9,108.4,-7.4,60.5,1.57,17.6,29.3,70.7,49.8,15.6,48.5,51.4,92.81,45.9,"7,646"
2013,Philadelphia 76ers,82,34,48,3951,101,104.7,-3.7,61,1.74,17.7,29.1,69.5,48.9,14.1,48.1,50.9,91.88,47.4,"7,566"
2013,Phoenix Suns,82,25,57,3961,100.2,106.9,-6.7,60.6,1.45,17.1,30.8,68.7,49.1,16.4,47.7,51.2,94.48,45.8,"7,793"
2013,Portland Trail Blazers,82,33,49,3971,104.5,107.9,-3.4,59.3,1.48,17,29.4,70.2,49.5,15.7,49.8,53.6,92.46,46.8,"7,649"
2013,Sacramento Kings,82,28,54,3966,105.3,110,-4.7,55.3,1.42,16,30.6,67.3,48.5,15.4,49.1,53.2,94.65,45.4,"7,804"
2013,San Antonio Spurs,82,58,24,3976,107,100.3,6.7,64.1,1.71,19.1,24.3,71.5,49.3,15.3,53.1,56.8,95.31,55.1,"7,892"
2013,Toronto Raptors,82,34,48,3996,105,106.4,-1.4,59.2,1.57,16.9,29.6,68.8,49,14.8,48.8,53.2,91.26,48.4,"7,591"
2013,Utah Jazz,82,43,39,3976,105.4,105.6,-0.2,61,1.54,17.4,32.9,69.7,51,15.9,49.2,53.3,92.05,50.4,"7,629"
2013,Washington Wizards,82,29,53,3971,99.3,101.6,-2.3,61,1.43,16.9,27.9,70.6,49.1,16.1,47.5,51.2,93.23,48.1,"7,699"
2014,Atlanta Hawks,82,38,44,3966,104.9,105.7,-0.7,66.7,1.63,18.8,25.6,71.1,48.5,15.9,51.5,55.4,95.41,50.2,"7,892"
2014,Boston Celtics,82,25,57,3946,101.9,106.5,-4.6,57.6,1.37,16.2,31.4,70.8,50.5,16.3,47.7,51.7,94.28,46.1,"7,745"
2014,Brooklyn Nets,82,44,38,3976,105.4,106.7,-1.3,58.5,1.44,16.7,26,68.6,47.5,15.5,51.4,55.5,92.42,49.2,"7,663"
2014,Charlotte Bobcats,82,43,39,3981,103,103.3,-0.4,59.7,1.76,16.9,26.9,73,50,13.1,48.1,52.2,92.93,50.8,"7,712"
2014,Chicago Bulls,82,48,34,3986,101.7,99.9,1.9,65.4,1.52,17.6,32.1,71.3,51.8,16.2,47.1,51.8,90.84,52.8,"7,549"
2014,Cleveland Cavaliers,82,33,49,3986,103.5,107,-3.6,57.2,1.49,16.2,31.4,71.1,50.8,14.9,47.9,51.8,93.69,46.9,"7,784"
2014,Dallas Mavericks,82,49,33,3966,109.5,107.2,2.3,59.6,1.74,18,27.6,69.4,48.7,14.1,52.6,56.4,94.94,52.1,"7,852"
2014,Denver Nuggets,82,36,46,3951,105.1,107.3,-2.2,58.4,1.41,16.4,31,70.3,50.5,16,49.7,53.6,98.95,48.1,"8,146"
2014,Detroit Pistons,82,29,53,3956,105.2,109,-3.7,53.9,1.44,15.6,34.7,69.3,51.1,15.2,48.2,51.4,95.57,46.4,"7,874"
2014,Golden State Warriors,82,51,31,3966,106.3,101.4,4.9,59.1,1.53,17.4,28.4,72.4,50.8,15.5,51.7,55,97.37,52.8,"8,045"
2014,Houston Rockets,82,54,28,3966,109.8,105.2,4.6,56.3,1.33,16.1,30.6,70,51.3,16.5,53.1,57.1,97.27,53.4,"8,040"
2014,Indiana Pacers,82,56,26,3956,103.6,98.9,4.7,56,1.33,15.9,29.6,72.1,51.7,16.2,49,53.5,92.89,54.5,"7,656"
2014,Los Angeles Clippers,82,57,25,3951,111.3,104,7.3,62.8,1.77,18.3,28.8,69,49.6,14.3,52.6,56.7,96.66,54.8,"7,954"
2014,Los Angeles Lakers,82,27,55,3941,103.2,109.3,-6,63.9,1.62,18.1,23.5,67.6,45.9,15.2,50.5,54.2,99.72,46,"8,177"
2014,Memphis Grizzlies,82,50,32,3961,105.5,103.8,1.7,57.4,1.59,17.1,32.6,71.8,52.1,15,49.4,52.9,90.58,51.8,"7,476"
2014,Miami Heat,82,54,28,3976,110,105,5.1,58.8,1.52,18.1,24.4,68.6,47.6,15.9,55.4,59,91.9,53.9,"7,615"
2014,Milwaukee Bucks,82,15,67,3976,101.9,110.2,-8.3,59.6,1.42,16.5,31,67.8,49,16.1,47.9,51.9,92.96,44.9,"7,685"
2014,Minnesota Timberwolves,82,40,42,3971,107.7,105.2,2.6,61.6,1.72,17.3,31.7,71.5,50.8,14,48.6,53.5,98.33,51.9,"8,139"
2014,New Orleans Pelicans,82,34,48,3971,106.2,109.1,-3,56.3,1.55,16.5,30.5,69.4,49.7,14.7,49.5,53.7,93.07,48.3,"7,703"
2014,New York Knicks,82,37,45,3971,107,108.1,-1.1,54.2,1.54,16,29.1,70.5,49.2,14.1,50.5,54.1,91.24,49,"7,556"
2014,Oklahoma City Thunder,82,59,23,3961,109.4,103,6.4,56.2,1.43,16.6,29.4,72.2,51.8,15.8,52,56.6,96.33,54.3,"7,954"
2014,Orlando Magic,82,23,59,3991,101,106.6,-5.7,57.1,1.41,16.4,26.7,71.4,49,15.6,48.7,52.5,94.27,46.6,"7,837"
2014,Philadelphia 76ers,82,19,63,3971,99,109,-10,57.6,1.29,16,29,68.4,47.9,16.8,47.5,51,99.74,42.6,"8,236"
2014,Phoenix Suns,82,48,34,3951,108.2,105.6,2.6,49.3,1.24,14.7,29.8,69.9,50,15.8,51.9,55.8,96.83,50.9,"7,973"
2014,Portland Trail Blazers,82,54,28,3971,110.4,106.2,4.2,59.4,1.69,17.2,32,71.3,51.7,14.2,50.4,54.8,95.9,52.4,"7,930"
2014,Sacramento Kings,82,28,54,3966,105.1,107.8,-2.7,51.1,1.24,14.6,31.6,72.5,51.8,15.9,48.4,53.2,95.04,47.3,"7,840"
2014,San Antonio Spurs,82,62,20,3951,109.5,101.4,8.1,62.1,1.75,19,26.1,72.5,50.3,15,53.7,57.1,95.87,55.5,"7,887"
2014,Toronto Raptors,82,48,34,3991,107.9,104.6,3.3,58.1,1.5,16.4,31.2,70.1,50.5,15.1,49.8,54.5,92.48,51.2,"7,696"
2014,Utah Jazz,82,25,57,3956,102.4,110.1,-7.6,56.4,1.39,16.1,29.7,70.8,49.7,15.8,48.4,52.3,92.32,45.1,"7,605"
2014,Washington Wizards,82,44,38,4011,104.9,103.6,1.3,60.1,1.59,17.6,28.6,71.9,49.8,15.3,50.6,53.8,94.18,50.4,"7,872"
2015,Atlanta Hawks,82,60,22,3946,108.2,102.3,5.9,67.6,1.81,19.5,26.4,69.7,48.7,15,52.7,56.3,94.66,54,"7,775"
2015,Boston Celtics,82,40,42,3976,103.8,103.5,0.3,62.9,1.77,18,28.9,71,49.5,14.2,48.9,52.3,96.71,49.8,"8,007"
2015,Brooklyn Nets,82,38,44,3986,103.4,106.3,-3,55.9,1.51,16.3,27.8,70.1,49.1,14.6,49.1,52.9,93.69,48,"7,777"
2015,Charlotte Hornets,82,33,49,3981,99.6,103,-3.4,56.8,1.69,15.8,27,74.6,50.2,12.6,45.6,49.8,93.45,48.2,"7,753"
2015,Chicago Bulls,82,50,32,3976,106.3,103.3,3,59.3,1.56,16.6,31.2,70.9,51.6,14.7,48.9,53.6,93.8,52.9,"7,775"
2015,Cleveland Cavaliers,82,53,29,3956,110.1,105.3,4.8,58.7,1.55,17.1,31.1,71.1,51.3,15.2,52,55.7,93.23,51.4,"7,682"
2015,Dallas Mavericks,82,50,32,3976,108.2,104.9,3.2,56.7,1.74,17,26.9,68.1,47.7,13.3,51.5,55,96.4,52.1,"7,976"
2015,Denver Nuggets,82,30,52,3976,103.9,107.1,-3.3,57.7,1.53,16.2,30.3,70,49.4,14.6,47.9,51.8,96.87,46.5,"8,011"
2015,Detroit Pistons,82,32,50,3966,104.3,105.4,-1.1,58.2,1.61,16.4,31.6,71.2,50.5,14.2,48.2,51.5,93.68,47.8,"7,741"
2015,Golden State Warriors,82,67,15,3946,110.4,100.4,9.9,65.9,1.9,19.7,27.3,70.3,49.8,14.5,54,57.1,99.28,56.9,"8,170"
2015,Houston Rockets,82,56,26,3961,106,102.6,3.4,60,1.33,16.5,30.5,68.6,49.6,17,51.2,54.8,97.36,50.9,"8,037"
2015,Indiana Pacers,82,38,44,3971,102.9,102.7,0.2,58.6,1.53,16.6,28.6,73.5,51.1,14.8,48.4,52.3,93.67,50.5,"7,753"
2015,Los Angeles Clippers,82,56,26,3946,111.6,104.7,6.9,62.9,2.01,18.7,27.2,71.6,49.7,12.9,53.3,56.5,95.4,54,"7,844"
2015,Los Angeles Lakers,82,21,61,3986,102.3,109.4,-7.1,56.2,1.58,15.9,29,72,49.7,13.8,47.3,51.3,95.03,45,"7,892"
2015,Memphis Grizzlies,82,55,27,3981,104.8,101.2,3.5,57.4,1.62,16.9,28.8,71.6,50.3,14.2,48.9,53.1,92.82,53,"7,696"
2015,Miami Heat,82,37,45,3946,103.2,106.1,-3,56.4,1.34,16.1,28.4,68.7,48.9,16.1,50,54,91.49,49.2,"7,526"
2015,Milwaukee Bucks,82,41,41,3986,102,101.4,0.6,62.7,1.41,17.8,29,68.6,49.1,17.5,49.9,53.6,94.82,51.1,"7,867"
2015,Minnesota Timberwolves,82,16,66,3961,101.8,110.9,-9.1,59.3,1.44,16.3,31.1,68.2,48.9,15.6,46.8,51.7,95.45,45.3,"7,873"
2015,New Orleans Pelicans,82,45,37,3956,107.1,106.3,0.8,58.1,1.66,17.1,30.9,71.2,51.1,14.3,50.1,53.7,92.29,50.8,"7,608"
2015,New York Knicks,82,17,65,3971,98.9,109,-10.1,60.6,1.45,16.7,28.9,69.1,48.4,15.8,47,50.8,92.06,44.1,"7,618"
2015,Oklahoma City Thunder,82,45,37,3966,106.7,104.6,2.1,52.8,1.4,15.3,31.8,73,52.4,15.1,49.2,53.2,96.61,50.5,"7,988"
2015,Orlando Magic,82,25,57,3951,101,106.8,-5.9,55,1.39,16.2,26.9,71.6,49.1,15.7,49.4,52.4,94.51,45.5,"7,773"
2015,Philadelphia 76ers,82,18,64,3961,94.9,103.9,-9,60.9,1.16,15.5,29.3,68.6,48,18.3,45.9,49.4,96.45,42.6,"7,950"
2015,Phoenix Suns,82,39,43,3976,104.2,105.3,-1.1,52.2,1.34,15.4,28.1,69.8,48.9,15.4,50.1,53.7,97.2,49.1,"8,058"
2015,Portland Trail Blazers,82,51,31,3971,107.1,102.8,4.3,56.7,1.61,16.8,28.2,72.8,51,14.2,50.8,54.4,95.06,52.2,"7,868"
2015,Sacramento Kings,82,29,53,3971,104.5,108.2,-3.7,55.4,1.25,15.5,31.3,71.5,51.9,16.8,49,54.2,96.16,48.5,"7,952"
2015,San Antonio Spurs,82,55,27,3991,107.6,101.4,6.3,62.3,1.75,18.4,27.2,73,50.7,14.6,51.7,55.5,94.45,54.5,"7,860"
2015,Toronto Raptors,82,49,33,3971,110.2,107.1,3.1,54.7,1.61,16.1,30.1,68.9,49.4,13.7,50.8,55.3,93.46,50.6,"7,736"
2015,Utah Jazz,82,38,44,3941,104.2,104.1,0.1,56.3,1.3,15.8,33.2,71.5,52.4,16.8,49.4,53.1,91.1,50.7,"7,486"
2015,Washington Wizards,82,46,36,3991,103,102.4,0.6,62.7,1.6,18.1,28.8,72.6,51.4,15.7,49.9,53.4,94.29,52.5,"7,844"
2016,Atlanta Hawks,82,48,34,3966,104.6,100.8,3.9,66.3,1.71,19,23.4,69.8,47.4,15.2,51.6,55.2,97.63,52.8,"8,059"
2016,Boston Celtics,82,48,34,3956,105.8,102.5,3.3,61.6,1.76,17.4,29,70.7,49.5,13.8,48.8,53.1,99.43,52,"8,191"
2016,Brooklyn Nets,82,21,61,3951,102.4,109.7,-7.4,58.3,1.51,17,27.9,71.6,49.4,15.3,49.2,52.7,96.12,46,"7,903"
2016,Charlotte Hornets,82,48,34,3971,106.4,103.7,2.7,58.6,1.73,16.7,24.4,75.4,49.9,12.9,50.2,54.5,96.24,51.1,"7,966"
2016,Chicago Bulls,82,42,40,3981,104.1,105.5,-1.4,59.1,1.64,17,29,71.4,50.6,14.2,48.7,52.6,96.6,49.4,"8,008"
2016,Cleveland Cavaliers,82,57,25,3971,110.2,103.9,6.3,58.7,1.67,17.4,29.4,74.2,51.9,14.3,52.4,55.8,93.82,52.8,"7,764"
2016,Dallas Mavericks,82,42,40,4001,105.5,105.9,-0.4,59.2,1.73,17,24.1,72.3,48.4,13.2,50.2,54.4,95.34,50.3,"7,950"
2016,Denver Nuggets,82,33,49,3966,104.9,108.2,-3.3,60.1,1.55,16.9,30.4,73.2,51.3,15.1,48.9,53.1,96.34,47.9,"7,963"
2016,Detroit Pistons,82,44,38,3976,105.3,104.9,0.3,51.2,1.44,14.8,31.3,75.3,52.1,14,49.1,52.2,95.75,48.6,"7,942"
2016,Golden State Warriors,82,73,9,3976,113.5,102.8,10.6,68,1.91,20.4,26.7,72,50.7,15,56.3,59.3,100.24,56.7,"8,303"
2016,Houston Rockets,82,41,41,3966,107.3,107.3,0,58.9,1.39,16.4,29.7,69.2,49.2,16.1,51.6,55.3,98.42,49,"8,139"
2016,Indiana Pacers,82,45,37,3976,103.8,102.2,1.6,55.4,1.43,16.1,27.1,71.4,49.4,15.1,49.7,53.6,97.35,51.8,"8,068"
2016,LA Clippers,82,53,29,3966,107.2,102.7,4.5,59.6,1.76,17.4,23.4,69.7,47.2,13.3,52.4,55.6,96.81,53.3,"7,995"
2016,Los Angeles Lakers,82,17,65,3946,100.7,110.3,-9.7,51.3,1.31,14.1,27.1,71.2,48.4,14.2,46,50.9,96.55,42.4,"7,930"
2016,Memphis Grizzlies,82,42,40,3966,104.7,107.1,-2.4,56.2,1.56,16,29.8,70.9,49.5,14,47.7,52.4,93.95,48.3,"7,763"
2016,Miami Heat,82,48,34,3966,105.5,103.7,1.7,54.3,1.48,16.3,28,72.9,51.2,14.8,50.8,54.5,94.14,52.5,"7,779"
2016,Milwaukee Bucks,82,33,49,3966,103.4,107.8,-4.5,60.3,1.52,17.6,28.6,68.9,49,15.9,49.9,53.7,95.05,48.3,"7,858"
2016,Minnesota Timberwolves,82,29,53,3976,105.4,109,-3.5,61.9,1.56,17.6,27.9,70.2,49.4,15.5,49.8,54.9,96.2,49.7,"7,965"
2016,New Orleans Pelicans,82,30,52,3956,104.8,108.4,-3.7,57.7,1.65,16.8,25.2,74.8,49.3,13.7,49.8,53.7,97.64,47.2,"8,041"
2016,New York Knicks,82,32,50,3961,103.9,106.7,-2.8,55.7,1.53,16,28,71.8,50.2,14.2,48.3,52.7,94.12,48.7,"7,763"
2016,Oklahoma City Thunder,82,55,27,3966,112.1,104.8,7.4,55.8,1.44,16.7,34.7,72,54.1,16.2,52.4,56.5,97.54,54.6,"8,061"
2016,Orlando Magic,82,35,47,3981,104.4,106,-1.6,59.6,1.67,17.6,27.1,72.6,49.5,14.4,50,53.3,96.68,48.8,"8,018"
2016,Philadelphia 76ers,82,10,72,3961,98.4,108.6,-10.2,59.4,1.31,16.3,25,69.3,46.6,16.5,48.7,51.9,98.44,42.8,"8,119"
2016,Phoenix Suns,82,23,59,3941,101.5,107.9,-6.5,55.8,1.21,15.4,29.7,73.3,50.8,17.3,48.7,52.6,99.39,45,"8,152"
2016,Portland Trail Blazers,82,44,38,3961,107.6,106.8,0.8,55.2,1.46,16,29.4,72.8,51,15,51.1,54.8,97.06,49.3,"8,012"
2016,Sacramento Kings,82,33,49,3961,105.3,107.6,-2.3,61.2,1.52,17.6,28.1,71.7,50,16,51,54.6,100.66,49.4,"8,302"
2016,San Antonio Spurs,82,67,15,3941,109.3,98.2,11.1,61.1,1.88,18.8,26.6,74.6,51.6,13.8,52.6,56.4,94.54,57.8,"7,767"
2016,Toronto Raptors,82,56,26,3956,109.3,104.8,4.4,51.1,1.43,14.9,30,73.6,52,13.9,50.4,55.2,93.35,52.5,"7,707"
2016,Utah Jazz,82,40,42,3991,105,103.2,1.8,52.6,1.27,15.1,30.3,73.1,51.7,16.1,50.1,54,91.66,50.8,"7,625"
2016,Washington Wizards,82,41,41,3951,104.5,105.1,-0.5,61.9,1.69,18.1,25,73.7,49,14.5,51.1,54.4,99.16,49.7,"8,163"
2017,Atlanta Hawks,82,43,39,3976,104.5,105.2,-0.7,62.1,1.5,17.4,28.2,71.7,50.2,16,50.4,54.1,97.76,50.6,"8,091"
2017,Boston Celtics,82,53,29,3951,110.6,108,2.6,65.3,1.9,18.8,25.9,70.5,48.5,13.6,52.5,56.7,97.21,51.4,"8,005"
2017,Brooklyn Nets,82,20,62,3951,103.6,110.1,-6.5,56.6,1.29,15.9,24.1,71.6,48.3,16.2,50.7,55.1,101.75,46,"8,371"
2017,Charlotte Hornets,82,36,46,3966,108.4,108.4,0,61.1,2.01,17.6,24.7,74.9,49.6,11.9,50.1,54.7,95.92,50.5,"7,934"
2017,Chicago Bulls,82,41,41,3956,106.5,106.2,0.3,58.4,1.66,16.8,31.1,73.3,51.9,14,48.7,53,96.02,50.4,"7,919"
2017,Cleveland Cavaliers,82,51,31,3976,112.8,109.7,3.1,56.7,1.66,17.1,26.4,72.2,49.9,14,54.7,58,96.74,51,"8,019"
2017,Dallas Mavericks,82,33,49,3956,104.7,107.7,-3,57.4,1.75,16.8,21.6,73.3,46.5,12.7,50.5,54.1,93.11,47.9,"7,668"
2017,Denver Nuggets,82,40,42,3951,112.2,111.7,0.4,61.5,1.69,18.2,31.4,75.3,53.2,15,53,56.8,99.18,50.3,"8,167"
2017,Detroit Pistons,82,37,45,3961,105.3,106.7,-1.4,53,1.78,16.1,28.6,77.5,51.9,12.3,49.2,52.1,95.52,48.2,"7,890"
2017,Golden State Warriors,82,67,15,3956,114.8,103.4,11.4,70.5,2.06,21.2,27.2,70.9,50.4,14.6,56.3,59.7,100.37,57.9,"8,279"
2017,Houston Rockets,82,55,27,3956,114.1,108.4,5.7,62.6,1.67,18.1,28.1,71.7,49.9,15,54.5,58.3,100.55,51.6,"8,289"
2017,Indiana Pacers,82,42,40,3971,107.9,108.1,-0.2,57.2,1.63,17.2,25.5,71.3,48.8,14.1,51.6,55.8,96.59,50.5,"7,989"
2017,LA Clippers,82,51,31,3951,111.8,107.5,4.4,57,1.74,17.2,25.6,73.3,50.1,13.3,53.7,57.4,96.77,52.7,"7,968"
2017,Los Angeles Lakers,82,26,56,3941,105.3,112,-6.7,53.2,1.38,15.6,28.4,71.7,49.4,15.3,50.1,53.7,99.26,44.6,"8,143"
2017,Memphis Grizzlies,82,43,39,3981,107,106.5,0.5,58.4,1.65,16.5,29.5,73.1,50.7,13.7,49.1,53.5,92.84,50.1,"7,702"
2017,Miami Heat,82,41,41,3956,107.4,106.4,1,54.4,1.58,16.3,28.4,71.8,49.9,14,51.2,54.1,95.51,50,"7,875"
2017,Milwaukee Bucks,82,42,40,3956,108.5,108.7,-0.2,62.4,1.73,18.5,26,70.6,48.7,14.6,52.7,56.5,94.99,50.4,"7,828"
2017,Minnesota Timberwolves,82,31,51,3961,110,110.9,-0.9,60,1.69,17.7,30.9,71,50.7,14.6,51.1,55.5,95.48,50.1,"7,870"
2017,New Orleans Pelicans,82,34,48,3981,104.7,106.8,-2.1,58.2,1.77,17.1,22.8,72.8,48,12.9,50.4,53.9,98.56,49.3,"8,173"
2017,New York Knicks,82,31,51,3971,107.1,110.7,-3.6,55.1,1.57,16.3,30.5,69.8,50,14.3,49.6,53.4,96.63,48.2,"7,990"
2017,Oklahoma City Thunder,82,47,35,3961,107.9,107.1,0.8,53.2,1.4,15.5,32.3,74.2,52.8,15.2,50,54,98.18,49.9,"8,099"
2017,Orlando Magic,82,29,53,3961,103.7,110.3,-6.5,58,1.67,16.8,26.7,72.6,49.1,13.7,48.9,52.4,96.9,46,"7,989"
2017,Philadelphia 76ers,82,28,54,3966,102.7,108.2,-5.5,63.1,1.43,17.4,27.3,70.9,49,16.7,50.1,53.9,99.07,47,"8,179"
2017,Phoenix Suns,82,24,58,3966,106.1,111.3,-5.2,49.1,1.27,14.4,29.9,71.8,50.3,15.2,49.3,53.8,100.85,46.2,"8,320"
2017,Portland Trail Blazers,82,41,41,3986,109.4,110,-0.6,53.4,1.54,16,26.9,72,49.6,13.9,52,55.9,97.38,49.3,"8,088"
2017,Sacramento Kings,82,32,50,3976,106.6,110.8,-4.2,59.4,1.54,17.3,25.8,72.3,49.2,15.2,51.6,55.6,95.42,47.8,"7,911"
2017,San Antonio Spurs,82,61,21,3961,110.3,102.9,7.4,60.6,1.77,18.1,28.2,73,51.1,14.1,52.4,56.4,94.86,55.1,"7,832"
2017,Toronto Raptors,82,51,31,3956,111.4,107.1,4.3,47.2,1.46,14.5,29.1,71.7,50.5,13.2,51.7,56.1,95.41,51.6,"7,867"
2017,Utah Jazz,82,51,31,3951,109,104.7,4.3,54.4,1.48,16.2,27,74.3,51.4,14.8,52.6,56.3,92.09,53.4,"7,579"
2017,Washington Wizards,82,49,33,3971,110.4,108.8,1.7,57.7,1.68,17.6,28.6,71.6,50.1,14.3,52.8,56.4,97.94,51.1,"8,109"
2018,Atlanta Hawks,82,24,58,3941,104.4,110.1,-5.7,62.2,1.53,17.6,26.3,71.9,48.9,15.7,51.2,54.7,98.76,46.8,"8,114"
2018,Boston Celtics,82,55,27,3961,106.8,103.2,3.6,58.6,1.6,17,26.3,73.9,50.4,14.4,51.8,55.2,96.75,51.9,"7,987"
2018,Brooklyn Nets,82,28,54,3971,106.1,109.7,-3.6,61.9,1.56,17.3,25.1,73.1,48.9,15.1,51.4,55.1,99.66,47.4,"8,238"
2018,Charlotte Hornets,82,36,46,3956,109,109,-0.1,55.4,1.7,16.1,27.1,76.3,51.2,12.8,50.8,54.9,98.66,50,"8,143"
2018,Chicago Bulls,82,27,55,3971,103.4,110.5,-7,60.7,1.68,17.3,25.6,76.7,50,14.1,49.7,52.9,98.65,45.3,"8,160"
2018,Cleveland Cavaliers,82,50,32,3946,112,111.1,1,57.9,1.7,17.5,24.3,73,49.2,13.9,54.7,58.4,98.72,50.2,"8,114"
2018,Dallas Mavericks,82,24,58,3961,105.4,108.4,-2.9,59.4,1.85,17.3,22.4,74.9,47.8,12.7,51.3,54.4,96.53,47.5,"7,959"
2018,Denver Nuggets,82,46,36,3976,111.4,110,1.4,61.7,1.68,18.2,30,73.6,51.7,15.1,53.6,57,97.69,51.1,"8,095"
2018,Detroit Pistons,82,39,43,3961,106.6,106.7,-0.1,58.2,1.7,17.1,26.9,74,49.9,13.8,51.2,54.3,96.75,48.9,"7,981"
2018,Golden State Warriors,82,58,24,3946,112.8,106.8,5.9,68.5,1.9,20.9,24.3,71.2,49.7,15.3,56.9,60.3,100.35,55.4,"8,251"
2018,Houston Rockets,82,65,17,3951,114.1,105.7,8.4,55.7,1.56,16.4,25.4,75,50.3,14.1,55.1,59,98.02,53.1,"8,078"
2018,Indiana Pacers,82,48,34,3951,108.5,107.3,1.3,54.4,1.67,16.8,27.1,72.1,49.6,13.6,52.5,55.7,96.84,50.9,"7,977"
2018,LA Clippers,82,42,40,3941,109.4,109.2,0.2,55.5,1.52,16.5,28.4,71.8,50.4,14.7,52.7,56.4,99.54,49.7,"8,167"
2018,Los Angeles Lakers,82,35,47,3981,106,107.3,-1.3,58.4,1.51,17,27.9,72.9,50.5,15.5,51.7,54.8,100.9,49.1,"8,361"
2018,Memphis Grizzlies,82,22,60,3941,103.6,110.4,-6.8,58.6,1.44,16.6,27.6,72.1,49.3,15.6,50,53.9,95.65,46,"7,865"
2018,Miami Heat,82,44,38,3986,106.2,105.8,0.4,58.5,1.58,17.1,26.1,74.1,50.1,14.8,52,55.1,96.1,50.5,"7,985"
2018,Milwaukee Bucks,82,44,38,3966,109,109.1,-0.2,58.5,1.68,17.7,24.4,70.9,48,14.2,53.1,57.1,97.03,50.2,"8,013"
2018,Minnesota Timberwolves,82,47,35,3961,112.5,110.2,2.3,55.3,1.82,17,28.9,72,50.3,12.8,52.3,56.6,96.75,51.8,"7,985"
2018,New Orleans Pelicans,82,48,34,3991,108.5,107.4,1.1,62.7,1.79,19,24,72.6,49.4,14.5,54.1,57.3,101.48,52.5,"8,443"
2018,New York Knicks,82,29,53,3966,106.3,109.7,-3.4,57.3,1.58,17.2,28.9,72.7,50.9,15,51,54.4,97.64,48.1,"8,059"
2018,Oklahoma City Thunder,82,48,34,3966,110.1,106.4,3.7,53.5,1.53,15.8,32,72.5,51.5,14.3,51.4,54.6,97.34,50.8,"8,036"
2018,Orlando Magic,82,25,57,3946,104.7,109.4,-4.7,60.4,1.61,17.5,24.8,71.4,48,14.7,51.2,54.5,98.58,47.2,"8,096"
2018,Philadelphia 76ers,82,52,30,3956,108.5,103.9,4.6,66.3,1.64,19.1,28.6,73.6,52,16.3,53.5,56.8,100.75,54.2,"8,299"
2018,Phoenix Suns,82,21,61,3941,102.8,111.7,-9,55.3,1.35,15.6,27.1,72.4,49.3,15.5,49.5,53.2,101.14,44.2,"8,293"
2018,Portland Trail Blazers,82,49,33,3951,108.4,105.7,2.7,49.6,1.44,15,27.9,74.6,51.3,13.9,51.1,54.9,97.11,51,"7,992"
2018,Sacramento Kings,82,27,55,3951,103.1,110.4,-7.3,55.6,1.57,16.6,26.4,73.1,48.9,14.3,50.2,52.9,95.5,45.1,"7,860"
2018,San Antonio Spurs,82,47,35,3946,107.1,104.1,3,58.3,1.73,17.3,27.7,74.1,50.8,13.7,50.7,54.3,95.7,52.5,"7,867"
2018,Toronto Raptors,82,59,23,3966,113,105.3,7.7,59,1.82,17.9,27.4,72.5,50.2,13.5,53.9,57.5,98.02,53.8,"8,104"
2018,Utah Jazz,82,48,34,3951,107.4,103,4.4,58.6,1.53,17.1,25.6,75.6,50.9,15.2,52.7,56.4,96.58,53.2,"7,951"
2018,Washington Wizards,82,43,39,3971,108.1,107.7,0.4,63.1,1.73,18.4,27.4,73.2,50.4,14.8,52.5,56,97.67,50.9,"8,087"
2019,Atlanta Hawks,82,29,53,3971,107.5,113.1,-5.5,62.4,1.52,17.7,28.4,71.8,49.6,16.2,52.2,55.5,104.56,46.4,"8,642"
2019,Boston Celtics,82,49,33,3956,111.3,107,4.3,62.4,2.05,18.8,25.7,72.8,49.5,12.7,53.4,56.7,100.43,53,"8,282"
2019,Brooklyn Nets,82,42,40,3996,108.9,109,-0.1,59.2,1.58,16.9,28.2,72,50.1,14.6,52,55.6,101.52,49.2,"8,452"
2019,Charlotte Hornets,82,39,43,3966,110.7,112,-1.3,57.8,1.9,17,26.8,73.1,49.5,12.2,51.4,55.4,99.18,48.6,"8,202"
2019,Chicago Bulls,82,22,60,3981,104.5,112.8,-8.3,55,1.55,16.3,24.2,72.7,48.3,14.1,50.5,54.1,99.3,45.3,"8,232"
2019,Cleveland Cavaliers,82,19,63,3951,106.8,116.8,-10,53.2,1.54,15.6,28.2,73.2,49.6,13.8,50.3,54,97.37,43.6,"8,021"
2019,Dallas Mavericks,82,33,49,3956,108.7,110.1,-1.5,60.3,1.64,17,27.3,73.4,50.3,14.2,51.9,55.5,99.6,49.2,"8,216"
2019,Denver Nuggets,82,54,28,3946,112.1,108.1,4,65.3,2.04,19.3,30.8,74.4,52.4,13.6,52.7,55.8,98.49,52.4,"8,096"
2019,Detroit Pistons,82,41,41,3971,108.4,108.7,-0.3,57.9,1.63,16.5,29.1,74.5,50.9,14,50.9,54.4,97.88,48.2,"8,101"
2019,Golden State Warriors,82,57,25,3961,115,108.6,6.5,66.8,2.06,20.4,25.7,72.7,50.5,13.9,56.5,59.6,101.74,54.6,"8,390"
2019,Houston Rockets,82,53,29,3966,114.9,110.1,4.8,54.1,1.59,15.9,26.9,70,48.1,13.5,54.2,58.1,98.39,49.8,"8,130"
2019,Indiana Pacers,82,48,34,3941,109.4,106,3.4,62.8,1.9,18.9,26.9,72.2,49.9,13.9,53,56.1,98.64,52.7,"8,097"
2019,LA Clippers,82,48,34,3966,111.4,110.4,1,58.2,1.65,17.1,26.3,72.2,50,14.1,52.9,57.5,102.66,50.5,"8,475"
2019,Los Angeles Lakers,82,37,45,3956,107.4,108.9,-1.6,60,1.63,17.8,27,72.5,50.2,15,52.7,55.4,103.6,49.5,"8,534"
2019,Memphis Grizzlies,82,33,49,3976,105.6,108,-2.4,63.1,1.71,17.9,24.7,72.4,48.4,14.3,50.8,54.8,97.15,49,"8,038"
2019,Miami Heat,82,39,43,3946,106.7,107.1,-0.4,61.2,1.65,17.6,29.1,73.1,50.9,14.9,51.5,54.2,98.73,50.1,"8,122"
2019,Milwaukee Bucks,82,60,22,3956,113.5,104.9,8.6,60.1,1.88,18.3,25,75.7,51.6,13.3,55,58.3,103.57,55.3,"8,533"
2019,Minnesota Timberwolves,82,36,46,3966,110.6,112.2,-1.6,59.1,1.88,17.4,29.2,70.9,49.7,12.9,51.1,55.2,100.88,49.8,"8,341"
2019,New Orleans Pelicans,82,33,49,3951,110.7,112,-1.3,61.9,1.82,18.6,28.5,72.9,50.9,14.2,52.9,56.3,103.89,49.8,"8,553"
2019,New York Knicks,82,17,65,3956,104,112.9,-8.9,52.5,1.43,14.9,26.4,71.7,48.6,14,49,52.9,100.16,44.2,"8,244"
2019,Oklahoma City Thunder,82,49,33,3971,109.8,106.5,3.4,54.8,1.67,16.3,29.8,73.8,50.9,13.4,51.4,54.5,103.38,50.6,"8,549"
2019,Orlando Magic,82,42,40,3956,108.2,107.6,0.6,63.2,1.94,18.6,25.9,75.4,50.4,13.3,51.8,55,98.65,50.8,"8,133"
2019,Philadelphia 76ers,82,51,31,3961,111.6,109,2.6,64.8,1.8,18.7,27.8,74.1,51.7,14.4,53.2,57.4,102.59,52.9,"8,467"
2019,Phoenix Suns,82,19,63,3976,105.3,114.2,-8.9,59.5,1.53,17.3,24.7,68.3,46.4,15.3,51.4,55.2,101.15,45,"8,371"
2019,Portland Trail Blazers,82,53,29,3971,113.7,109.5,4.2,54.4,1.66,16.6,30.8,73.9,52.6,13.7,52.8,56.8,99.96,52.1,"8,269"
2019,Sacramento Kings,82,39,43,3946,109.6,110.8,-1.2,58.8,1.9,17.7,26.8,71.3,48.7,12.8,52.4,55.4,103.88,49.5,"8,545"
2019,San Antonio Spurs,82,48,34,3961,112.2,110.6,1.6,58,2.03,18.1,24.6,74.4,50.1,12.2,53.4,57.2,98.88,51.6,"8,162"
2019,Toronto Raptors,82,58,24,3976,112.6,106.8,5.8,60.3,1.81,18.2,26.5,72.6,50.2,13.8,54.3,57.9,100.51,53.3,"8,334"
2019,Utah Jazz,82,50,32,3951,110.3,105.3,5,64.4,1.72,18.5,27.5,75.9,52.2,14.9,53.8,57.2,100.84,53.9,"8,308"
2019,Washington Wizards,82,32,50,3986,110.2,112.9,-2.7,62.3,1.87,18.4,25.2,70.6,47.7,13.6,53.1,56.7,102.23,48.7,"8,486"
2022,Atlanta Hawks,82,43,39,3941,115.4,113.7,1.6,59.3,2.08,18.1,26.9,73.1,50.1,12,54.3,58.1,98.67,50.9,"8,099"
2022,Boston Celtics,82,51,31,3981,113.6,106.2,7.4,60.9,1.82,18.2,27.7,72.5,50.9,13.9,54.2,57.8,97.26,54.7,"8,068"
2022,Brooklyn Nets,82,44,38,3951,113.2,112.3,0.9,60.2,1.8,18.3,28.1,70.4,49.9,14.1,54,57.6,99.4,51.2,"8,177"
2022,Charlotte Hornets,82,43,39,3976,113.6,113.1,0.5,65.6,2.12,19.6,27,70.6,48.6,13.1,54.4,57.2,100.52,50.4,"8,322"
2022,Chicago Bulls,82,46,36,3946,112.7,113.2,-0.5,57.2,1.86,17.8,24.9,73.5,49.5,13,54.1,57.9,98.76,49.6,"8,124"
2022,Cleveland Cavaliers,82,44,38,3946,111,108.9,2.1,63.4,1.75,18.7,27.7,72.4,50.6,14.8,53.8,57.1,96.83,51.7,"7,964"
2022,Dallas Mavericks,82,52,30,3951,112.5,109.1,3.5,59.5,1.87,17.8,25.6,73.3,49.6,13,53.8,57.2,95.64,51.1,"7,871"
2022,Denver Nuggets,82,48,34,3961,113.8,111.5,2.3,66.7,1.92,20,26.8,75.2,51.5,14.6,55.6,59,98.41,51.6,"8,123"
2022,Detroit Pistons,82,23,59,3956,105.6,113.3,-7.7,61.5,1.65,17.1,27.6,70.7,48.1,14.3,49.4,53.3,98.81,45,"8,141"
2022,Golden State Warriors,82,53,29,3946,112.1,106.6,5.5,66.9,1.82,19.5,26.9,73.6,51,15,55.2,58.2,98.74,53.6,"8,121"
2022,Houston Rockets,82,20,62,3951,108.1,116.4,-8.3,59.8,1.43,17.1,26.5,71,48.5,16.2,53.4,56.5,101.16,45.1,"8,323"
2022,Indiana Pacers,82,25,57,3976,111.9,115.5,-3.6,61.2,1.76,18.1,31,72.5,51.2,14.5,53.1,56.4,98.55,47.8,"8,166"
2022,LA Clippers,82,42,40,3956,109.5,109.5,0,59.9,1.75,17.7,25.4,70.6,48.6,13.9,53.1,56.4,98.51,50.2,"8,121"
2022,Los Angeles Lakers,82,33,49,3996,110,112.8,-2.9,57.6,1.65,17.3,25.6,72,49,14.2,53.7,56.7,100.47,48.2,"8,360"
2022,Memphis Grizzlies,82,56,26,3956,114.3,108.9,5.3,59.7,1.97,17.9,33.8,72.6,52.6,13,52.2,55.3,100.52,53,"8,295"
2022,Miami Heat,82,53,29,3971,113,108.4,4.5,64.4,1.75,18.8,27.8,73.5,51,14.9,54.7,58.4,96.53,52.9,"7,987"
2022,Milwaukee Bucks,82,51,31,3951,114.3,111.1,3.2,57.2,1.78,17.3,26.9,74.7,51.2,13.3,54.6,58,100.59,51.6,"8,284"
2022,Minnesota Timberwolves,82,46,36,3956,113.8,111,2.7,61.7,1.79,18.1,28.4,70.6,49,14.1,53.9,57.3,101.47,50.4,"8,357"
2022,New Orleans Pelicans,82,36,46,3951,111.2,112,-0.8,62.1,1.78,18.1,30.6,74.2,51.8,14.3,51.7,55.7,98.02,50,"8,060"
2022,New York Knicks,82,37,45,3956,109.7,110.2,-0.4,58.1,1.65,16.4,29.1,74,51.2,13.7,51.3,55,96.42,49.1,"7,958"
2022,Oklahoma City Thunder,82,24,58,3961,103.8,111.7,-8,58,1.59,16.4,25.6,72.7,48.7,14,49.7,53,99.39,45.1,"8,198"
2022,Orlando Magic,82,22,60,3956,103.9,112.1,-8.1,62,1.64,17.4,24.9,73.5,49,14.4,50.3,53.8,99.71,45.8,"8,223"
2022,Philadelphia 76ers,82,51,31,3961,113,110.2,2.8,60.2,1.89,17.9,24.6,72.4,49,12.9,53.4,57.8,96.71,51.7,"7,975"
2022,Phoenix Suns,82,64,18,3946,114.2,106.8,7.5,62.7,2.12,19.5,26.4,72.8,50.3,12.9,54.9,58.1,100.26,54.8,"8,242"
2022,Portland Trail Blazers,82,27,55,3946,107.3,116.3,-9.1,59.5,1.58,17,26.8,72.1,48.7,14.6,51.5,55,98.74,44.7,"8,120"
2022,Sacramento Kings,82,30,52,3961,109.6,114.8,-5.2,58.5,1.68,17.3,25.9,71.4,48.4,14,52.5,56.1,100.1,47.3,"8,252"
2022,San Antonio Spurs,82,34,48,3961,111.9,111.7,0.2,64.6,2.19,19.5,28.1,71.1,49.4,12.6,52.7,55.6,100.51,51,"8,290"
2022,Toronto Raptors,82,48,34,3971,112.1,109.9,2.2,54.3,1.77,16.1,32.5,71.4,50.8,12.8,51,54.3,96.63,49.4,"8,000"
2022,Utah Jazz,82,49,33,3946,116.2,110,6.2,55.2,1.6,16.7,30,73.8,52.5,14.3,55.5,58.9,97.5,52.8,"8,014"
2022,Washington Wizards,82,35,47,3966,110.2,113.6,-3.4,61.7,1.91,18.5,24.7,73.1,49.4,13.3,53.2,56.8,97.8,49.6,"8,079"
2023,Atlanta Hawks,82,41,41,3971,115.5,115.4,0.1,56,1.93,17.6,28.9,71.7,50,12.6,54.1,57.9,101.56,50,"8,407"
2023,Boston Celtics,82,57,25,3996,117.3,110.6,6.7,63.2,2,19.1,25.5,74.6,50.6,13.3,56.6,60,99.15,53.4,"8,247"
2023,Brooklyn Nets,82,45,37,3946,114.6,113.5,1.1,61.6,1.86,18.9,23.4,68.9,47.2,13.9,56.2,59.8,98.77,51,"8,111"
2023,Charlotte Hornets,82,27,55,3966,108.4,114.7,-6.3,60.9,1.77,17.8,27.6,71.7,49.1,13.9,51.6,55.1,101.47,47.3,"8,390"
2023,Chicago Bulls,82,40,42,3981,112.8,111.5,1.3,57.5,1.83,18.1,23.6,73.6,49.3,13.3,55,58.7,99.18,51.2,"8,225"
2023,Cleveland Cavaliers,82,51,31,3976,115.5,109.9,5.6,60,1.87,18.6,27.3,71.5,49.6,13.7,55.6,59,96.27,53.1,"7,972"
2023,Dallas Mavericks,82,38,44,3986,115.9,116.1,-0.2,57.3,1.88,17.4,22.6,71.7,47.1,12.4,56.5,59.9,97.21,48.7,"8,082"
2023,Denver Nuggets,82,53,29,3951,116.8,113.5,3.3,66.3,1.99,20.5,28.9,72.7,51.4,14.7,57.3,60.1,98.74,52.5,"8,129"
2023,Detroit Pistons,82,17,65,3961,109.9,117.8,-7.9,58.1,1.52,16.7,29.2,70.2,49.1,15,52,56.1,99.88,44.9,"8,231"
2023,Golden State Warriors,82,44,38,3966,115.1,113.4,1.7,69.1,1.83,20.4,27.7,71.9,50.2,15.8,57.1,60,102.54,51,"8,472"
2023,Houston Rockets,82,22,60,3951,110.5,118.6,-8.1,55.1,1.38,16,34.4,72.9,53,16.2,51.6,55.4,99.74,45.7,"8,220"
2023,Indiana Pacers,82,35,47,3951,113.8,117.1,-3.3,64.3,1.81,18.9,28.5,68.5,48.2,14.6,54.5,58.1,101.68,48.2,"8,377"
2023,LA Clippers,82,44,38,3966,114,113.6,0.5,58.1,1.68,17.5,27.3,73.1,50.5,14.3,55.1,58.8,98.84,49.8,"8,168"
2023,Los Angeles Lakers,82,43,39,3976,113.9,113.2,0.7,58.9,1.8,17.9,26.9,72.7,50.5,13.7,54.2,58.2,101.92,51.1,"8,436"
2023,Memphis Grizzlies,82,51,31,3956,114.7,110.7,4,59.6,1.91,18.2,30.2,71.1,50.7,13.3,54,57,101.5,51.9,"8,360"
2023,Miami Heat,82,44,38,3961,112.3,112.8,-0.5,60.8,1.77,17.8,27.4,73.3,49.8,13.8,53,57.4,96.76,49.6,"7,991"
2023,Milwaukee Bucks,82,58,24,3966,114.3,110.9,3.4,60.4,1.76,18.1,28.4,74.5,52.1,14.3,55.5,58.3,101.45,52.3,"8,389"
2023,Minnesota Timberwolves,82,42,40,3966,113.3,113.1,0.2,61,1.71,18.6,25.8,70.3,48.5,15,56,59.2,101.55,50.3,"8,383"
2023,New Orleans Pelicans,82,42,40,3971,113.8,112,1.9,61.6,1.77,18.5,29,73.2,51.2,14.5,54.3,58.2,99.58,51.4,"8,239"
2023,New York Knicks,82,47,35,3991,117,114.2,2.8,54.6,1.77,16.6,31.8,72.7,52.1,13.1,54.1,57.7,97.75,50.9,"8,134"
2023,Oklahoma City Thunder,82,40,42,3971,114.2,113.2,1,56.7,1.87,17.2,28.9,69.3,48.7,12.7,53.1,57,101.94,49.8,"8,435"
2023,Orlando Magic,82,34,48,3956,111.3,113.7,-2.3,57.4,1.54,17,28.1,73,50.5,15.1,53.2,57.3,99.66,48.5,"8,205"
2023,Philadelphia 76ers,82,54,28,3976,117,112.7,4.4,61.6,1.84,18.6,25.8,72.1,49.6,13.9,56.3,60.8,97.44,52.4,"8,072"
2023,Phoenix Suns,82,45,37,3956,114.5,112.3,2.2,64.7,2.01,19.3,30.7,71.4,50.8,13.6,53.5,57,98.83,51.4,"8,141"
2023,Portland Trail Blazers,82,33,49,3946,114,118,-4,59.7,1.67,17.8,26.4,70.9,48.6,14.5,54.9,58.9,99.25,47.4,"8,157"
2023,Sacramento Kings,82,48,34,3966,118.6,116,2.6,62.6,2.02,19.3,26.5,73.1,49.9,13.3,57.2,60.8,100.99,51.1,"8,343"
2023,San Antonio Spurs,82,22,60,3971,109.7,119.6,-9.9,63.2,1.78,18.7,29.9,70.9,49.5,14.8,52.5,55.4,102.07,45.2,"8,451"
2023,Toronto Raptors,82,41,41,3961,114.6,113.1,1.5,57.1,2.05,17.2,31.6,72.1,50.2,11.8,51.7,55.5,97.85,49.6,"8,076"
2023,Utah Jazz,82,37,45,3961,115.3,116,-0.7,61.1,1.69,18.2,30.8,71.1,51.2,15.1,54.7,58.4,101.02,49.8,"8,329"
2023,Washington Wizards,82,35,47,3951,113.7,114.9,-1.2,60.3,1.8,18.5,27.3,72.4,50.5,14.2,55,58.5,99.16,50.4,"8,161"
2024,Atlanta Hawks,82,36,46,3971,116.4,118.4,-2,61.8,1.96,18.4,30.8,71.7,50.4,13.3,53.9,57.6,100.84,48.2,"8,339"
2024,Boston Celtics,82,64,18,3966,122.2,110.6,11.7,61.3,2.25,19.3,28.7,72.6,51.5,12.1,57.8,60.9,97.98,55.5,"8,090"
2024,Brooklyn Nets,82,32,50,3961,112.4,115.4,-2.9,63,1.95,18.6,28.9,71.5,49.7,13.4,53.1,56.1,97.56,48.3,"8,050"
2024,Charlotte Hornets,82,21,61,3946,108.6,119.2,-10.6,62,1.8,18.4,25.3,70.9,47.5,14,52.9,56,97.81,44.7,"8,047"
2024,Chicago Bulls,82,39,43,3996,114,115.7,-1.7,59.4,2.04,18.2,29.1,71.7,50.1,12.4,53.4,56.8,96.94,49.3,"8,078"
2024,Cleveland Cavaliers,82,48,34,3961,114.7,112.1,2.5,67.1,2.07,20.2,27.4,72.1,50.1,13.8,55.7,58.6,97.62,51.9,"8,053"
2024,Dallas Mavericks,82,50,32,3941,117,114.9,2.1,59.6,2.05,18.5,25.7,71.1,48.5,12.4,56.2,59.2,100.6,50.6,"8,263"
2024,Denver Nuggets,82,57,25,3941,117.8,112.3,5.5,66.9,2.33,20.9,30,71.8,51.5,13,56.2,58.9,97.43,53.3,"7,996"
2024,Detroit Pistons,82,14,68,3951,109,118,-9,62.3,1.67,18.2,27.7,73,49.9,15.1,52.6,56.2,100.45,44.9,"8,269"
2024,Golden State Warriors,82,46,36,3966,116.9,114.5,2.4,67.1,2.05,20.1,31.5,72.5,52.1,14.2,55.7,58.6,99.91,51.2,"8,261"
2024,Houston Rockets,82,41,41,3971,113.7,112.8,0.9,59.4,1.95,17.7,29.4,72.2,50.4,12.7,52.9,56.5,99.59,50.1,"8,248"
2024,Indiana Pacers,82,47,35,3941,120.5,117.6,2.9,65.4,2.38,21,28.4,70,49.2,12.6,57.8,60.6,102.16,51.7,"8,389"
2024,LA Clippers,82,51,31,3941,117.9,114.6,3.4,60.4,1.95,18.7,28.3,70.5,50.2,13.4,56.1,59.9,97.93,52,"8,040"
2024,Los Angeles Lakers,82,47,35,3971,115.4,114.8,0.6,65.4,2.04,20.1,24.4,72.5,49.6,13.7,56.6,60.1,101.38,51.8,"8,387"
2024,Memphis Grizzlies,82,27,55,3956,106.8,113.7,-6.9,64.4,1.64,17.9,28.7,70.6,48.8,15.2,50.9,54.3,98.68,45.8,"8,128"
2024,Miami Heat,82,46,36,3951,113.3,111.5,1.8,64.8,2.04,19.1,26.1,73.4,49.8,13,53.8,57.8,96.88,50.9,"7,975"
2024,Milwaukee Bucks,82,49,33,3961,117.6,115,2.6,61.5,2.05,19,25.5,73.1,49.9,12.8,56.8,60.1,100.51,51.1,"8,295"
2024,Minnesota Timberwolves,82,56,26,3961,114.6,108.4,6.3,64.6,1.88,19.3,27.5,72.5,50.8,14.4,55.9,59.4,97.79,54.3,"8,081"
2024,New Orleans Pelicans,82,49,33,3941,116.5,111.9,4.6,63.4,2.07,19.4,27.8,72.5,50.5,13.2,55.8,59.1,98.7,52.4,"8,101"
2024,New York Knicks,82,50,32,3946,117.3,112.4,4.9,59,1.84,17.8,33.3,72.9,52.7,13.8,54,57.4,95.96,51.5,"7,883"
2024,Oklahoma City Thunder,82,57,25,3961,118.3,111,7.3,60.9,2.14,19.4,25,69.8,48.4,12.5,57.3,60.8,100.85,53.8,"8,324"
2024,Orlando Magic,82,47,35,3956,112.9,110.8,2.2,61,1.68,18.1,29.7,73.7,51.5,15,54.1,57.7,97.37,51.3,"8,022"
2024,Philadelphia 76ers,82,47,35,3956,116.2,113,3.1,60,2.07,18,29.2,70.1,49.3,12.2,53.2,57.4,98.17,50.6,"8,090"
2024,Phoenix Suns,82,49,33,3956,116.8,113.7,3.1,63.7,1.82,19.4,29.2,71.4,51.4,15,56.5,60.3,99,52.7,"8,158"
2024,Portland Trail Blazers,82,21,61,3976,107.6,116.6,-9,58.7,1.52,16.7,32,69.7,49.8,15.4,50.3,53.9,97.88,43.4,"8,103"
2024,Sacramento Kings,82,46,36,3971,116.2,114.4,1.8,65.4,2.16,19.9,28.5,74.4,50.7,13.1,55.6,58.2,99.46,50,"8,226"
2024,San Antonio Spurs,82,22,60,3966,109.3,115.6,-6.4,71.2,1.97,20.5,26.9,72.1,49.2,14.8,53.2,56.3,101.8,48,"8,413"
2024,Toronto Raptors,82,25,57,3961,111.8,118.1,-6.3,67.4,2.04,19.9,28.1,69.4,48.4,13.9,53.5,56.6,99.91,47.4,"8,241"
2024,Utah Jazz,82,31,51,3961,114.5,119.6,-5.1,64.8,1.74,18.9,32.5,71.7,52.1,15.5,53.9,57.9,100.26,47.8,"8,281"
2024,Washington Wizards,82,15,67,3946,110.2,118.9,-8.7,65,2,19.5,24,68.3,45.9,13.6,53.8,56.7,103.07,45.4,"8,461"
2025,Atlanta Hawks,82,40,42,3956,113.7,114.8,-1.1,68.2,1.91,19.9,30,71.5,50.3,14.9,54.6,57.9,103.41,49.8,"8,521"
2025,Boston Celtics,82,61,21,3966,119.5,110.1,9.4,62.8,2.2,19,29.1,71.7,50.6,12.2,56.1,59.1,96.59,54.2,"7,979"
2025,Brooklyn Nets,82,26,56,3956,108.1,115.4,-7.3,66.9,1.66,18.4,29.4,69.9,48.7,15.6,51.6,55.2,96.73,45.2,"7,970"
2025,Charlotte Hornets,82,19,63,3951,106.7,115.7,-9.1,63.5,1.57,17.5,30.8,70.5,50,15.7,50.3,53.7,98.22,45,"8,079"
2025,Chicago Bulls,82,39,43,3951,113.2,114.8,-1.6,67.3,1.98,19.9,26,72.2,49.6,14.1,55.3,58.5,103.61,49.5,"8,532"
2025,Cleveland Cavaliers,82,64,18,3951,121,111.8,9.2,63.1,2.13,19.6,29.6,70,50.5,13.1,57.8,60.7,100.31,54.6,"8,267"
2025,Dallas Mavericks,82,39,43,3946,113.7,115,-1.3,60.1,1.8,18.2,27.1,69.4,48.8,14,54.9,58.3,100.15,49.6,"8,238"
2025,Denver Nuggets,82,50,32,3971,118.9,115.1,3.8,68.3,2.17,21.1,31.1,70.9,52,14,57.3,60.4,100.67,52.9,"8,328"
2025,Detroit Pistons,82,44,38,3961,114.6,112.5,2.1,61.8,1.78,18.6,30.5,71.4,51.1,14.7,54.7,58,100.27,50.9,"8,268"
2025,Golden State Warriors,82,48,34,3946,114.2,111,3.2,71.4,2.07,20.1,31.4,71.6,50.9,14.1,53.6,56.8,99.37,51.5,"8,173"
2025,Houston Rockets,82,52,30,3956,114.9,110.3,4.6,54.9,1.68,16.4,36.3,71.5,53.3,14,52.3,55.3,99.03,51.5,"8,159"
2025,Indiana Pacers,82,50,32,3971,115.4,113.3,2.1,67.1,2.22,20.5,25.4,70.5,48.3,13,56.2,59.4,100.76,52.1,"8,341"
2025,LA Clippers,82,50,32,3961,114.3,109.4,4.9,60.5,1.69,18.4,28.2,73.4,51.2,15.1,55.4,58.9,98.24,52.1,"8,099"
2025,Los Angeles Lakers,82,50,32,3946,115,113.8,1.2,63.5,1.86,18.9,27.3,70.2,49.5,14.2,55.7,59.3,98.34,51.1,"8,084"
2025,Memphis Grizzlies,82,48,34,3941,117.2,112.6,4.7,63.5,1.81,19.1,33,70.2,51.8,15.1,55.4,58.8,103.69,52.4,"8,513"
2025,Miami Heat,82,37,45,3986,112.4,112,0.4,65.3,1.94,19.2,26.3,72.4,49.6,13.8,54.4,57.6,97.08,50.5,"8,066"
2025,Milwaukee Bucks,82,48,34,3951,115.1,112.7,2.4,60.7,1.91,18.7,23.5,72.5,49.1,13.3,56.8,59.8,99.92,51.3,"8,228"
2025,Minnesota Timberwolves,82,49,33,3966,115.7,110.8,5,63.7,1.81,18.7,30,70.9,50.7,14.6,55.4,58.8,97.95,52.4,"8,097"
2025,New Orleans Pelicans,82,21,61,3951,109.7,119.1,-9.4,63.6,1.76,18.3,30.3,68.2,48.7,14.6,51.9,55.2,99.77,45.5,"8,212"
2025,New York Knicks,82,51,31,3976,117.3,113.3,4,63.4,2.07,19.6,30.5,71,50.8,13.4,55.6,58.9,97.64,52.7,"8,093"
2025,Oklahoma City Thunder,82,68,14,3941,119.2,106.6,12.7,60.2,2.29,18.9,28.1,70.4,49.6,11.6,56,59.3,100.9,56.2,"8,286"
2025,Orlando Magic,82,41,41,3946,108.9,109.1,-0.2,60.3,1.62,17.1,30.2,72,50.1,14.7,51,55,96.51,49.7,"7,935"
2025,Philadelphia 76ers,82,24,58,3961,111,117.3,-6.3,58.4,1.7,17.1,27.9,67.8,47.1,13.8,52.7,56.3,98.13,45.9,"8,098"
2025,Phoenix Suns,82,36,46,3966,114.7,117.7,-3,67.3,1.97,20,26.4,70.9,49.3,14.2,56.1,59.5,98.31,49.5,"8,121"
2025,Portland Trail Blazers,82,36,46,3956,111,113.7,-2.7,58.7,1.49,16.9,33.2,68.2,50.1,16,52.1,55.5,99.51,47.3,"8,192"
2025,Sacramento Kings,82,40,42,3976,115.9,115.3,0.6,61.5,1.99,18.8,29.4,72.8,51,13.3,54.8,58.2,98.91,50.2,"8,189"
2025,San Antonio Spurs,82,34,48,3946,113.5,116.3,-2.8,68.5,2.06,20.1,27.8,69,48.5,13.8,54.4,57.5,100.08,49.3,"8,231"
2025,Toronto Raptors,82,30,52,3961,109.6,113.6,-4.1,68.5,1.86,19.6,31.1,69.6,50,15.2,52.2,55.3,100.62,47.7,"8,297"
2025,Utah Jazz,82,17,65,3961,110.2,119.4,-9.2,63.3,1.48,17.9,31.1,70.5,50.8,17,53.3,56.8,100.85,45,"8,322"
2025,Washington Wizards,82,18,64,3946,105.8,118,-12.2,63.7,1.61,17.8,27.2,68.5,47.6,15.2,51.2,54.6,101.82,43.7,"8,371"
